ebba_id,title,date_text,date_attributes,holding_library,source_reference,source_bibliographic_title,source_volume_page,shelfmarks,keywords_raw,keywords,unmatched_keywords,tune_notes,line_count,source_url,xml_url,sha256,tunes,tokens,topic_keys,exclusion_reasons
20229,"The woful Lamentation of Mistris Jane Shore, a Gold-smiths VVife/ of London, sometimes King Edward the Fourth's Concubine. who for her wanton life came to a miserable/ end. Set forth for the example of all wicked livers.",1684-1686,"{""value"": ""1684-1686"", ""certainty"": ""exact""}",Pepys Library,Pepys 1.486-487,The Pepys ballads : facsimile volume,1: 486,"{""Pepys"": ""1.486-487""}","[""historicalfigures&events"", ""infidelity"", ""marriage"", ""sex/sexuality"", ""vice""]","[""historical figures & events"", ""infidelity"", ""marriage"", ""sex/sexuality"", ""vice""]",[],"{""Tune-Total"": ""1"", ""Tune-1"": ""Live with me"", ""Tune_Modern-1"": ""Live With Me""}",326,https://ebba.english.ucsb.edu/ballad/20229/citation,https://ebba.english.ucsb.edu/ballad/20229/ebba-xml-20229,66301f4772b965446affd83a05db7e4e68a58f02f6f07fd70689a2f8f377031e,"[""18""]",1994,"[""historicalfiguresevents"", ""infidelity"", ""marriage"", ""sexsexuality"", ""vice""]",[]
20235,"A Lamentable Ballad of Fair Rosamond, King Henry the Second's Concubine,/ VVho was put to death by Queen Elinor, in VVoodstock Bower near Oxford.",1686-1688,"{""value"": ""1686-1688"", ""certainty"": ""exact""}",Pepys Library,Pepys 1.498-499,The Pepys ballads : facsimile volume,1: 498,"{""Pepys"": ""1.498-499""}","[""gender"", ""infidelity"", ""maritime"", ""punishment"", ""royalty"", ""sex/sexuality""]","[""gender"", ""infidelity"", ""maritime"", ""punishment"", ""royalty"", ""sex/sexuality""]",[],"{""Tune-Total"": ""1"", ""Tune-1"": ""Flying Fame"", ""Tune_Simpson-1"": ""Chevy Chase"", ""Tune_Modern-1"": ""Flying Fame""}",192,https://ebba.english.ucsb.edu/ballad/20235/citation,https://ebba.english.ucsb.edu/ballad/20235/ebba-xml-20235,e8299e963c6a571e552adae7b650f61daeeca8a5f592f508df3899fa3b7109bf,"[""67""]",1084,"[""gender"", ""infidelity"", ""maritime"", ""punishment"", ""royalty"", ""sexsexuality""]",[]
20251,"A most Excellent Ballad of St. George for England, and the Kings Daughter of Egypt, whom he delivere from/ death, and how he slew a mighty Dragon.",1684-1686,"{""value"": ""1684-1686"", ""certainty"": ""exact""}",Pepys Library,Pepys 1.526-527,The Pepys ballads : facsimile volume,1: 526,"{""Pepys"": ""1.526-527""}","[""love"", ""marriage"", ""religiousfigures"", ""violence"", ""virtue""]","[""love"", ""marriage"", ""religious figures"", ""violence"", ""virtue""]",[],"{""Tune-Total"": ""1"", ""Tune-1"": ""[Flying] Fame"", ""Tune_Simpson-1"": ""Queen Dido; Troy Town"", ""Tune_Modern-1"": ""Flying Fame""}",264,https://ebba.english.ucsb.edu/ballad/20251/citation,https://ebba.english.ucsb.edu/ballad/20251/ebba-xml-20251,5e0812f02152f068acf595088b29e03ef84350f9ccd89739baa073bf54e3896f,"[""67""]",1726,"[""love"", ""marriage"", ""religiousfigures"", ""violence"", ""virtue""]",[]
20265,"A most sorrowfull Song, setting forth the miserable end of Banister, who/ betraied the Duke of Buckingham, his Lord and Master.",1630,"{""value"": ""1630"", ""certainty"": ""approx""}",Pepys Library,Pepys 1.64-65,The Pepys ballads : facsimile volume,1: 64,"{""Pepys"": ""1.64-65""}","[""class"", ""infidelity"", ""nobility/court"", ""politics/government"", ""punishment""]","[""class"", ""infidelity"", ""nobility/court"", ""politics/government"", ""punishment""]",[],"{""Tune-Total"": ""1"", ""Tune-1"": ""Liue with me and be my loue"", ""Tune_Modern-1"": ""Come Live With Me""}",153,https://ebba.english.ucsb.edu/ballad/20265/citation,https://ebba.english.ucsb.edu/ballad/20265/ebba-xml-20265,410d222a4c60c82108679be4719a9badc4e17d6d5c9e759c3c8a7c50d31a58b5,"[""18""]",1041,"[""class"", ""infidelity"", ""nobilitycourt"", ""politicsgovernment"", ""punishment""]",[]
20278,"A new Ballad, intituled, The Battell of Agen-Court, in France, betweene the / English-men and Frenchmen.",1615,"{""value"": ""1615"", ""certainty"": ""approx""}",Pepys Library,Pepys 1.90-91,The Pepys ballads : facsimile volume,1: 90,"{""Pepys"": ""1.90-91""}","[""country/nation"", ""death"", ""historicalfigures&events"", ""military/war"", ""violence""]","[""country/nation"", ""death"", ""historical figures & events"", ""military/war"", ""violence""]",[],"{""Tune-Total"": ""1"", ""Tune-1"": ""When flying Fame"", ""Tune_Simpson-1"": ""Chevy Chase"", ""Tune_Modern-1"": ""When Flying Fame""}",108,https://ebba.english.ucsb.edu/ballad/20278/citation,https://ebba.english.ucsb.edu/ballad/20278/ebba-xml-20278,c60de68213f2d5f2f3ba7a6966feb6317e431ff9845d6e68708c037bbaf138c8,"[""67""]",623,"[""countrynation"", ""death"", ""historicalfiguresevents"", ""militarywar"", ""violence""]",[]
20279,"A memorable song vpon the vnhappy hunting in Cheuy Chase, beweene the Earle / Pearcy of England, and Earle Dowglas of Scotland.",1630,"{""value"": ""1630"", ""certainty"": ""approx""}",Pepys Library,Pepys 1.92-93,The Pepys ballads : facsimile volume,1: 92,"{""Pepys"": ""1.92-93""}","[""country/nation"", ""military/war"", ""nobility/court"", ""violence""]","[""country/nation"", ""military/war"", ""nobility/court"", ""violence""]",[],"{""Tune-Total"": ""1"", ""Tune-1"": ""Flying Fame"", ""Tune_Simpson-1"": ""Chevy Chase"", ""Tune_Modern-1"": ""Flying Fame""}",256,https://ebba.english.ucsb.edu/ballad/20279/citation,https://ebba.english.ucsb.edu/ballad/20279/ebba-xml-20279,faf94f823d38e783371d41866674f6904079fcb46b111a1e07dcb25e2a86ac54,"[""67""]",1493,"[""countrynation"", ""militarywar"", ""nobilitycourt"", ""violence""]",[]
20655,"The Age and Life of MAN. / Here you mao see the frailty that in men, Till they have run the years threescore and ten.",1674-1679,"{""value"": ""1674-1679"", ""certainty"": ""exact""}",Pepys Library,Pepys 2.32,The Pepys ballads : facsimile volume,2: 32,"{""Pepys"": ""2.32""}","[""advice"", ""religiousconcepts"", ""vice"", ""virtue""]","[""advice"", ""religious concepts"", ""vice"", ""virtue""]",[],"{""Tune-Total"": ""1"", ""Tune-1"": ""Jane Shore"", ""Tune_Simpson-1"": ""Come Live with me and be my Love"", ""Tune_Modern-1"": ""Jane Shore""}",110,https://ebba.english.ucsb.edu/ballad/20655/citation,https://ebba.english.ucsb.edu/ballad/20655/ebba-xml-20655,7e5eef1a5efc7247d1c12771b1c834ff3b42afa420f57bde4a4d7214c40ede78,"[""18""]",723,"[""advice"", ""religiousconcepts"", ""vice"", ""virtue""]",[]
20660,"A Caveat for Young-men. / Young-men Repentance do delay, / And think not of their Dying day, / Till Death doth come and with his Dart, / Doth pierce the youngmans stubborn heart.",1680-1682,"{""value"": ""1680-1682"", ""certainty"": ""exact""}",Pepys Library,Pepys 2.36,The Pepys ballads : facsimile volume,2: 36,"{""Pepys"": ""2.36""}","[""advice"", ""death"", ""religioustypes&sects""]","[""advice"", ""death"", ""religious types & sects""]",[],"{""Tune-Total"": ""1"", ""Tune-1"": ""Aim not too high"", ""Tune_Simpson-1"": ""Fortune My Foe"", ""Tune_Modern-1"": ""Aim Not Too High""}",80,https://ebba.english.ucsb.edu/ballad/20660/citation,https://ebba.english.ucsb.edu/ballad/20660/ebba-xml-20660,3cf8c802ff8a40566242ddf3bdfce4f28af605ff3cdd49a3bd67e82dbe45d86a,"[""42""]",669,"[""advice"", ""death"", ""religiousgroups""]",[]
20674,"A godly song for all penitent Sinners/ In these Sinful Times./ Good people all, come hear what I do say,/ And do not think your time here long to stay;/ And understand but what is in these Lines,/ I will assure you great comfort you may find:/ To make you know the Good then from the Bad,/ Such Verses to you seldom hath been Read.",1674-1679,"{""value"": ""1674-1679"", ""certainty"": ""exact""}",Pepys Library,Pepys 2.50,The Pepys ballads : facsimile volume,2: 50,"{""Pepys"": ""2.50""}","[""advice"", ""death"", ""religiousconcepts"", ""vice"", ""virtue""]","[""advice"", ""death"", ""religious concepts"", ""vice"", ""virtue""]",[],"{""Tune-Total"": ""1"", ""Tune-1"": ""A Lesson for all true Christians"", ""Tune_Simpson-1"": ""Fortune My Foe"", ""Tune_Modern-1"": ""A Lesson for All True Christians""}",88,https://ebba.english.ucsb.edu/ballad/20674/citation,https://ebba.english.ucsb.edu/ballad/20674/ebba-xml-20674,5e19a0454f7c9d2e4ef7d0d4ee2935834e5ad1c8f8e70eeea7267e073e2d0cda,"[""42""]",724,"[""advice"", ""death"", ""religiousconcepts"", ""vice"", ""virtue""]",[]
20741,"A True and Perfect Relation of/ A Horrible Murther,/ Committed by a woman in Golden-lane, on her Neighbour big with-/ Child, who had borrowed Thirty shillings of her, who is since fled.",1678-1680,"{""value"": ""1678-1680"", ""certainty"": ""exact""}",Pepys Library,Pepys 119v,The Pepys ballads : facsimile volume,2: 119,"{""Pepys"": ""2.119v""}","[""crime"", ""death"", ""economics/trade"", ""family/procreation"", ""violence""]","[""crime"", ""death"", ""economics/trade"", ""family/procreation"", ""violence""]",[],"{""Tune-Total"": ""1"", ""Tune-1"": ""The children in the Wood"", ""Tune_Simpson-1"": ""The children in the Wood"", ""Tune_Modern-1"": ""The Children in the Wood""}",80,https://ebba.english.ucsb.edu/ballad/20741/citation,https://ebba.english.ucsb.edu/ballad/20741/ebba-xml-20741,85e4daac07b1e166b5e9ce8c8d315d5e15bc5c5bfc69a7d3654b5f3e1428425a,"[""168""]",449,"[""crime"", ""death"", ""economicscommerce"", ""familyprocreation"", ""violence""]",[]
20757,"A Ballad of the Strange and/ Wonderful Storm of Hail,/ Which fell in LONDON on the 18th. of May 1680, which hurt several men, killed/ many Birds, and spoiled many Trees; with other strange Accidents, the like never/ before known in ENGLAND.",1680,"{""value"": ""1680"", ""certainty"": ""exact""}",Pepys Library,Pepys 2.137,The Pepys ballads : facsimile volume,2: 137,"{""Pepys"": ""2.137""}","[""death"", ""historicalfigures&events"", ""London"", ""news"", ""vice""]","[""London"", ""death"", ""historical figures & events"", ""news"", ""vice""]",[],"{""Tune-Total"": ""1"", ""Tune-1"": ""Aim not too high"", ""Tune_Simpson-1"": ""Fortune My Foe"", ""Tune_Modern-1"": ""Aim Not Too High""}",64,https://ebba.english.ucsb.edu/ballad/20757/citation,https://ebba.english.ucsb.edu/ballad/20757/ebba-xml-20757,27403f3fb019e49d177528beaa22a002436d2d1f9ee7e770c3d462fc864312d4,"[""42""]",540,"[""death"", ""historicalfiguresevents"", ""london"", ""news"", ""vice""]",[]
21372,"The Dying Tears of a true lover forsaken,/ Made on his Death=bed; the Hour before his Death.",1684-1686,"{""value"": ""1684-1686"", ""certainty"": ""exact""}",Pepys Library,Pepys 3.357,The Pepys ballads : facsimile volume,3: 357,"{""Pepys"": ""3.357""}","[""advice"", ""affliction/health"", ""death"", ""infidelity"", ""love""]","[""advice"", ""affliction/health"", ""death"", ""infidelity"", ""love""]",[],"{""Tune-Total"": ""1"", ""Tune-1"": ""Come live with me"", ""Tune_Simpson-1"": ""Come Live With Me and Be My Love"", ""Tune_Modern-1"": ""Come Live With Me""}",156,https://ebba.english.ucsb.edu/ballad/21372/citation,https://ebba.english.ucsb.edu/ballad/21372/ebba-xml-21372,2c5346d6320616c9f1be49dda0adba173d9cd35e10d4a220793784748b2e8f3e,"[""18""]",1063,"[""advice"", ""afflictionhealth"", ""death"", ""infidelity"", ""love""]",[]
22198,"The SEA-Martyrs; / OR, / The Seamen's sad Lamentation for their Faithful Ser- / vice, Bad Pay, and Cruel Usage. / Being a woful Relation how some of them were unmercifully put to / Death for pressing for their Pay, when their Families were like / to starve. / Thus our New Government does Subjects serve, / And leaves them this sad choice to hang or starve.",1691,"{""value"": ""1691"", ""certainty"": ""exact""}",Pepys Library,Pepys 5.375,The Pepys ballads : facsimile volume,5: 375r-v,"{""Pepys"": ""5.375r-v""}","[""country/nation"", ""crime"", ""death"", ""economics/trade"", ""maritime"", ""military/war"", ""politics/government"", ""punishment"", ""royalty""]","[""country/nation"", ""crime"", ""death"", ""economics/trade"", ""maritime"", ""military/war"", ""politics/government"", ""punishment"", ""royalty""]",[],"{""Tune-Total"": ""1"", ""Tune-1"": ""Banstead Downs"", ""Tune_Simpson-1"": ""Come live with me and Be My Love"", ""Tune_Modern-1"": ""Banstead Downs""}",121,https://ebba.english.ucsb.edu/ballad/22198/citation,https://ebba.english.ucsb.edu/ballad/22198/ebba-xml-22198,b442b929f8631d11ff3b05b2322df2d4c8de299204fdeaf4b4e8834bf0164fa6,"[""18""]",811,"[""countrynation"", ""crime"", ""death"", ""economicscommerce"", ""maritime"", ""militarywar"", ""politicsgovernment"", ""punishment"", ""royalty""]",[]
22373,"A/ New COPY/ OF/ VERSES,/ OF/ Monsieurs Boasting, or England's Cause of Triumph.",1697,"{""value"": ""1697"", ""certainty"": ""exact""}",Pepys Library,Pepys 5.110,The Pepys ballads : facsimile volume,5: 110,"{""Pepys"": ""5.110""}","[""country/nation"", ""military/war"", ""nobility/court"", ""religioustypes&sects""]","[""country/nation"", ""military/war"", ""nobility/court"", ""religious types & sects""]",[],"{""Tune-Total"": ""1"", ""Tune-1"": ""Packington's Pound"", ""Tune_Simpson-1"": ""Packington's Pound"", ""Tune_Modern-1"": ""Packington's Pound""}",90,https://ebba.english.ucsb.edu/ballad/22373/citation,https://ebba.english.ucsb.edu/ballad/22373/ebba-xml-22373,e20cd6a60a98773abca969cef7bc59df9cd8aa37f223600bfbd0b3a099e1eb69,"[""35""]",594,"[""countrynation"", ""militarywar"", ""nobilitycourt"", ""religiousgroups""]",[]
30049,"A discourse of Mans life. / Comparing him to things that quickly passe, / As bubble, shuttle, blossome, streame, and grasse.",1601-1601,"{""value"": ""1601-1601"", ""certainty"": ""approx""}",,,Roxburghe Ballads,1: 70,{},"[""death"", ""religious concepts""]","[""death"", ""religious concepts""]",[],"{""Tune-Total"": ""4"", ""Tune_Simpson-1"": ""UNKNOWN"", ""Tune_Simpson-2"": ""UNKNOWN"", ""Tune-3"": ""Ayme not too high"", ""Tune_Simpson-3"": ""Fortune my Foe"", ""Tune_Modern-3"": ""Aim Not Too High"", ""Tune-4"": ""the same tune"", ""Tune_Simpson-4"": ""Fortune my Foe"", ""Tune_Modern-4"": ""The Same Tune""}",100,https://ebba.english.ucsb.edu/ballad/30049/citation,https://ebba.english.ucsb.edu/ballad/30049/ebba-xml-30049,ea258dafa57f008284073a66f644b96f89401da7c9967069ec10cce4cfaa9710,"[""42""]",857,"[""death"", ""religiousconcepts""]",[]
30084,"A Godly Song, entituled, A farewell to the VVorld, made by a / Godly Christian, named Thomas Byll, being the Parish Clerke of West- / Pelton, as he lay vpon his Death-bed, shewing the vanitie of the World, and / his desire to be dissolued.",1601-1601,"{""value"": ""1601-1601"", ""certainty"": ""approx""}",,,Roxburghe Ballads,1: 136,{},"[""Bible/ biblical figures"", ""death"", ""religious concepts"", ""religious figures""]","[""Bible/ biblical figures"", ""death"", ""religious concepts"", ""religious figures""]",[],"{""Tune-Total"": ""6"", ""Tune_Simpson-1"": ""UNKNOWN"", ""Tune_Simpson-2"": ""UNKNOWN"", ""Tune_Simpson-3"": ""UNKNOWN"", ""Tune_Simpson-4"": ""UNKNOWN"", ""Tune-5"": ""Fortune my Foe"", ""Tune_Simpson-5"": ""Fortune my Foe"", ""Tune_Modern-5"": ""Fortune My Foe"", ""Tune-6"": ""the same tune"", ""Tune_Simpson-6"": ""Fortune my Foe"", ""Tune_Modern-6"": ""The Same Tune""}",120,https://ebba.english.ucsb.edu/ballad/30084/citation,https://ebba.english.ucsb.edu/ballad/30084/ebba-xml-30084,5b066d0653398a99cdb6e8af0f2f149bcda48c1a10577820a69be1e42523562a,"[""42""]",984,"[""biblebiblicalfigures"", ""death"", ""religiousconcepts"", ""religiousfigures""]",[]
30101,"The Woful Lamentation of Mrs. JANE SHORE, a Gold-smith's Wife / of London, sometime King Edward the Fourth's Cancubine, who for her Wanton Life came to / a Miserable End. Set forth for the Example of all wicked Livers.",1682-1682,"{""value"": ""1682-1682"", ""certainty"": ""approx""}",,,Roxburghe Ballads,1: 162,{},"[""affliction/ health"", ""clothing/ appearance"", ""crime"", ""death"", ""infidelity"", ""law"", ""marriage"", ""nobility/ court"", ""punishment"", ""royalty"", ""sex/ sexuality"", ""travel""]","[""affliction/ health"", ""clothing/ appearance"", ""crime"", ""death"", ""infidelity"", ""law"", ""marriage"", ""nobility/ court"", ""punishment"", ""royalty"", ""sex/ sexuality"", ""travel""]",[],"{""Tune-Total"": ""5"", ""Tune_Simpson-1"": ""UNKNOWN"", ""Tune_Simpson-2"": ""UNKNOWN"", ""Tune_Simpson-3"": ""UNKNOWN"", ""Tune_Simpson-4"": ""UNKNOWN"", ""Tune-5"": ""Live with me"", ""Tune_Simpson-5"": ""Come Live with Me and Be My Love"", ""Tune_Modern-5"": ""Live With Me""}",330,https://ebba.english.ucsb.edu/ballad/30101/citation,https://ebba.english.ucsb.edu/ballad/30101/ebba-xml-30101,2c26c9e030994a996bc0a4f7c52478a664c3d9e429a939e4e0dca3d51cf377e8,"[""18""]",2001,"[""afflictionhealth"", ""clothingappearance"", ""crime"", ""death"", ""infidelity"", ""law"", ""marriage"", ""nobilitycourt"", ""punishment"", ""royalty"", ""sexsexuality"", ""travel""]",[]
30173,"A merry new Ballad, both pleasant and sweete, / In praise of the Black-Smith, which is very meete.",?-?,"{""value"": ""?-?"", ""certainty"": ""approx""}",,,Roxburghe Ballads,1: 250,{},"[""economics/ commerce"", ""law"", ""mythology/ Classical""]","[""economics/ commerce"", ""law"", ""mythology/ Classical""]",[],"{""Tune-Total"": ""2"", ""Tune-1"": ""Greene Sleeves, &c."", ""Tune_Simpson-1"": ""Greensleeves"", ""Tune_Modern-1"": ""Greene Sleeves, etc."", ""Tune-2"": ""the same Tune"", ""Tune_Simpson-2"": ""Greensleeves"", ""Tune_Modern-2"": ""The Same Tune""}",132,https://ebba.english.ucsb.edu/ballad/30173/citation,https://ebba.english.ucsb.edu/ballad/30173/ebba-xml-30173,64f581fa514060fbd20160096936a868737f1b7195e36869456ff6dbac63ac57,"[""32""]",894,"[""economicscommerce"", ""law"", ""mythologyclassical""]",[]
30232,"A new Ballad for you to looke on, How Mault doth deale with every one. [printed with Roxburghe 1.343]",?-?,"{""value"": ""?-?"", ""certainty"": ""approx""}",,,Roxburghe Ballads,1: 342,{},"[""alcohol"", ""class"", ""economics/ commerce"", ""violence""]","[""alcohol"", ""class"", ""economics/ commerce"", ""violence""]",[],"{""Tune-Total"": ""1"", ""Tune-1"": ""Triumph and Ioy"", ""Tune_Simpson-1"": ""UNKNOWN"", ""Tune_Modern-1"": ""Triumph and Joy""}",133,https://ebba.english.ucsb.edu/ballad/30232/citation,https://ebba.english.ucsb.edu/ballad/30232/ebba-xml-30232,f72309afe0037babd83fbd786f0dd579a30dcd430e82a4b8ff9add3e907eeb82,"[""32""]",998,"[""alcohol"", ""class"", ""economicscommerce"", ""violence""]",[]
30326,"A cruell murther committed lately upon the body of Abraham / Gearsy, who liv'd in the Parish of Westmill, in the County of Harford; by one / Robert Reeve, and Richard Reeve, both of the same Parish: for which fact Robert was prest to / death, on Munday the 16. of March, and the Tuesday following Richard was hang'd; and / after both them were hang'd up in chaines, where now they doe remaine, to the affright- / ment of all beholders.",1635-1635,"{""value"": ""1635-1635"", ""certainty"": ""exact""}",,,Roxburghe Ballads,1: 488,{},"[""death"", ""economics/ commerce"", ""punishment"", ""religious concepts"", ""violence""]","[""death"", ""economics/ commerce"", ""punishment"", ""religious concepts"", ""violence""]",[],"{""Tune-Total"": ""18"", ""Tune_Simpson-1"": ""UNKNOWN"", ""Tune_Simpson-2"": ""UNKNOWN"", ""Tune_Simpson-3"": ""UNKNOWN"", ""Tune_Simpson-4"": ""UNKNOWN"", ""Tune_Simpson-5"": ""UNKNOWN"", ""Tune_Simpson-6"": ""UNKNOWN"", ""Tune_Simpson-7"": ""UNKNOWN"", ""Tune_Simpson-8"": ""UNKNOWN"", ""Tune_Simpson-9"": ""UNKNOWN"", ""Tune_Simpson-10"": ""UNKNOWN"", ""Tune_Simpson-11"": ""UNKNOWN"", ""Tune_Simpson-12"": ""UNKNOWN"", ""Tune_Simpson-13"": ""UNKNOWN"", ""Tune_Simpson-14"": ""UNKNOWN"", ""Tune_Simpson-15"": ""UNKNOWN"", ""Tune_Simpson-16"": ""UNKNOWN"", ""Tune-17"": ""Fortune my Foe"", ""Tune_Simpson-17"": ""Fortune my Foe"", ""Tune_Modern-17"": ""Fortune My Foe"", ""Tune-18"": ""the same tune"", ""Tune_Simpson-18"": ""Fortune my Foe"", ""Tune_Modern-18"": ""The Same Tune""}",100,https://ebba.english.ucsb.edu/ballad/30326/citation,https://ebba.english.ucsb.edu/ballad/30326/ebba-xml-30326,b363d2c5493b7f54ead825b7352c53aea2abcf4d0aac4b2915dce0b786867cec,"[""42""]",814,"[""death"", ""economicscommerce"", ""punishment"", ""religiousconcepts"", ""violence""]",[]
30389,"A New Ditty, shewing the Wonderful Miracles of / our Lord Iesus Christ, which he did while he remained on earth.",?-?,"{""value"": ""?-?"", ""certainty"": ""approx""}",,,Roxburghe Ballads,3: 36,{},"[""affliction/ health"", ""Bible/ biblical figures"", ""religious figures""]","[""Bible/ biblical figures"", ""affliction/ health"", ""religious figures""]",[],"{""Tune-Total"": ""3"", ""Tune_Simpson-1"": ""UNKNOWN"", ""Tune_Simpson-2"": ""UNKNOWN"", ""Tune-3"": ""Triumph and joy"", ""Tune_Simpson-3"": ""Greensleeves"", ""Tune_Modern-3"": ""Triumph and Joy""}",110,https://ebba.english.ucsb.edu/ballad/30389/citation,https://ebba.english.ucsb.edu/ballad/30389/ebba-xml-30389,6cfa01db0542b8d8788444dda52b816d17e30de46bf4909e236038310f2d8f9c,"[""32""]",659,"[""afflictionhealth"", ""biblebiblicalfigures"", ""religiousfigures""]",[]
30408,"A Memorable Song on the unhappy hunting in Chevy-Chase, between Earl / Piercy of England, and Earl Dowglas of Scotland.",1663-1663,"{""value"": ""1663-1663"", ""certainty"": ""exact""}",,,Roxburghe Ballads,3: 66,{},"[""animals/ nature"", ""country/ nation"", ""military/ war"", ""nobility/ court"", ""royalty""]","[""animals/ nature"", ""country/ nation"", ""military/ war"", ""nobility/ court"", ""royalty""]",[],"{""Tune-Total"": ""6"", ""Tune_Simpson-1"": ""UNKNOWN"", ""Tune_Simpson-2"": ""UNKNOWN"", ""Tune_Simpson-3"": ""UNKNOWN"", ""Tune_Simpson-4"": ""UNKNOWN"", ""Tune-5"": ""Flying Fame"", ""Tune_Simpson-5"": ""Chevy Chase"", ""Tune_Modern-5"": ""Flying Fame"", ""Tune-6"": ""the same Tune"", ""Tune_Simpson-6"": ""UNKNOWN"", ""Tune_Modern-6"": ""The Same Tune""}",256,https://ebba.english.ucsb.edu/ballad/30408/citation,https://ebba.english.ucsb.edu/ballad/30408/ebba-xml-30408,1de67ada4515857e7b90fece2e61323b330fb9c3ee0f9d3ca226509dbb4495a4,"[""67""]",1480,"[""animalsnature"", ""countrynation"", ""militarywar"", ""nobilitycourt"", ""royalty""]",[]
30610,"The dying tears of a true Lover forsaken, / Made on his Death=bed; the hour before his Death..",1678-1678,"{""value"": ""1678-1678"", ""certainty"": ""exact""}",,,Roxburghe Ballads,2: 126,{},"[""advice"", ""affliction/ health"", ""death"", ""infidelity"", ""love""]","[""advice"", ""affliction/ health"", ""death"", ""infidelity"", ""love""]",[],"{""Tune-Total"": ""8"", ""Tune_Simpson-1"": ""UNKNOWN"", ""Tune_Simpson-2"": ""UNKNOWN"", ""Tune_Simpson-3"": ""UNKNOWN"", ""Tune_Simpson-4"": ""UNKNOWN"", ""Tune_Simpson-5"": ""UNKNOWN"", ""Tune_Simpson-6"": ""UNKNOWN"", ""Tune-7"": ""Come live with me"", ""Tune_Simpson-7"": ""Come Live with Me and Be My Love"", ""Tune_Modern-7"": ""Come Live With Me"", ""Tune-8"": ""the same Tune"", ""Tune_Simpson-8"": ""UNKNOWN"", ""Tune_Modern-8"": ""The Same Tune""}",156,https://ebba.english.ucsb.edu/ballad/30610/citation,https://ebba.english.ucsb.edu/ballad/30610/ebba-xml-30610,ea813eed14a679d12e077299d13148db37633a905d57016c95951e3cfe36c239,"[""18""]",1062,"[""advice"", ""afflictionhealth"", ""death"", ""infidelity"", ""love""]",[]
30613,"A Constant and Kind MAID, / Who sav'd in Love a proper young Man's Life, And after prov'd his dear and loving Wife.",?-?,"{""value"": ""?-?"", ""certainty"": ""approx""}",,,Roxburghe Ballads,2: 131,{},"[""affliction/ health"", ""love""]","[""affliction/ health"", ""love""]",[],"{""Tune-Total"": ""1"", ""Tune-1"": ""the same TUNE"", ""Tune_Simpson-1"": ""Fortune my Foe"", ""Tune_Modern-1"": ""The Same Tune""}",60,https://ebba.english.ucsb.edu/ballad/30613/citation,https://ebba.english.ucsb.edu/ballad/30613/ebba-xml-30613,a106c7d7da667216dd1c627cb59183f37f6d1b4193755904eaf5d35da6223540,"[""42""]",522,"[""afflictionhealth"", ""love""]",[]
30660,"A Godly Guide of Directions / for true penitent Sinners in these troubled times. / That we call to God to be our friend, / To think upon our latter end, / Mans Life is short and at no stay / Wee almost have a dying day, / That God may guide us along, / To bring us to our heavenly home, / Where our Souls may live and ever rest / With heavenly Angels that are blest.",1672-1672,"{""value"": ""1672-1672"", ""certainty"": ""approx""}",,,Roxburghe Ballads,2: 189,{},"[""advice"", ""death"", ""religious concepts"", ""virtue""]","[""advice"", ""death"", ""religious concepts"", ""virtue""]",[],"{""Tune-Total"": ""1"", ""Tune-1"": ""Aim not too high"", ""Tune_Simpson-1"": ""UNKNOWN"", ""Tune_Modern-1"": ""Aim Not Too High""}",76,https://ebba.english.ucsb.edu/ballad/30660/citation,https://ebba.english.ucsb.edu/ballad/30660/ebba-xml-30660,1f07e70b8a7b5add42154f389978e47cb1d6909765f0bd89450216bb3d0c8965,"[""42""]",670,"[""advice"", ""death"", ""religiousconcepts"", ""virtue""]",[]
30729,"A Lesson for all True CHRISTIANS. / Which being well observed by old and young, / And practiced with hand and heart, and tongue: / Great comfort in it at the last you'll find, / Then mark it well, and bear it in your mind.",1686-1686,"{""value"": ""1686-1686"", ""certainty"": ""approx""}",,,Roxburghe Ballads,2: 271,{},"[""advice"", ""religious concepts"", ""religious figures"", ""vice"", ""virtue""]","[""advice"", ""religious concepts"", ""religious figures"", ""vice"", ""virtue""]",[],"{""Tune-Total"": ""9"", ""Tune_Simpson-1"": ""UNKNOWN"", ""Tune_Simpson-2"": ""UNKNOWN"", ""Tune_Simpson-3"": ""UNKNOWN"", ""Tune_Simpson-4"": ""UNKNOWN"", ""Tune_Simpson-5"": ""UNKNOWN"", ""Tune_Simpson-6"": ""UNKNOWN"", ""Tune_Simpson-7"": ""UNKNOWN"", ""Tune_Simpson-8"": ""UNKNOWN"", ""Tune-9"": ""The Letter for a Christian Family"", ""Tune_Simpson-9"": ""UNKNOWN"", ""Tune_Modern-9"": ""The Letter for a Christian Family""}",100,https://ebba.english.ucsb.edu/ballad/30729/citation,https://ebba.english.ucsb.edu/ballad/30729/ebba-xml-30729,2a1d29d7a59dcfef3e4d3b6ec368c90d675bc682d246c9317ccf4e311da2c183,"[""42""]",817,"[""advice"", ""religiousconcepts"", ""religiousfigures"", ""vice"", ""virtue""]",[]
31268,"The Woful LAMENTATION of JANE SHORE, / A Goldsmith's Wife in London, sometime King EDWARD the Fourth's CONCUBINE, who / for her Wanton Life came to a Miserable End: Set forth for the EXAMPLE of all Wicked LIVERS.",1705-1705,"{""value"": ""1705-1705"", ""certainty"": ""approx""}",,,Roxburghe Ballads,3: 897,{},"[""affliction/ health"", ""crime"", ""death"", ""infidelity"", ""law"", ""marriage"", ""nobility/ court"", ""punishment"", ""royalty"", ""sex/ sexuality"", ""travel""]","[""affliction/ health"", ""crime"", ""death"", ""infidelity"", ""law"", ""marriage"", ""nobility/ court"", ""punishment"", ""royalty"", ""sex/ sexuality"", ""travel""]",[],{},278,https://ebba.english.ucsb.edu/ballad/31268/citation,https://ebba.english.ucsb.edu/ballad/31268/ebba-xml-31268,78328ffc61a9e04a3ccd40108689ededfc93ca0172618216b673fd9b8fea32cc,"[""18""]",1835,"[""afflictionhealth"", ""crime"", ""death"", ""infidelity"", ""law"", ""marriage"", ""nobilitycourt"", ""punishment"", ""royalty"", ""sexsexuality"", ""travel""]",[]
31631,"A new Ballad for you to looke on, How Mault doth deale with euery one. [printed with Pepys 1.426]",?-?,"{""value"": ""?-?"", ""certainty"": ""approx""}",,,The Pepys ballads : facsimile volume,1: 427,{},"[""alcohol"", ""class"", ""economics/ commerce"", ""violence""]","[""alcohol"", ""class"", ""economics/ commerce"", ""violence""]",[],{},136,https://ebba.english.ucsb.edu/ballad/31631/citation,https://ebba.english.ucsb.edu/ballad/31631/ebba-xml-31631,d4e226047a9dbcf01e120d866f96e7ea2f0da8fc2afd886a6794ad6d05593079,"[""32""]",998,"[""alcohol"", ""class"", ""economicscommerce"", ""violence""]",[]
31654,"The Age and Life of Man, / perfectly showing his Beginnings of Life, and the progress / of his Dayes, from Seaven to Seaventy; / Here may you see the Frailety that's in Men, / Till they have run the Years threescore and ten.",1650-1650,"{""value"": ""1650-1650"", ""certainty"": ""approx""}",,,,1: 11,{},"[""advice"", ""religious concepts"", ""vice"", ""virtue""]","[""advice"", ""religious concepts"", ""vice"", ""virtue""]",[],"{""Tune-Total"": ""1"", ""Tune-1"": ""Jane Shore"", ""Tune_Simpson-1"": ""Come Live with Me and Be My Love"", ""Tune_Modern-1"": ""Jane Shore""}",109,https://ebba.english.ucsb.edu/ballad/31654/citation,https://ebba.english.ucsb.edu/ballad/31654/ebba-xml-31654,babba8cf1d18cb61081289272c8b1b20df3232cb42e17a147ae6580e87572915,"[""18""]",725,"[""advice"", ""religiousconcepts"", ""vice"", ""virtue""]",[]
31673,A Memoriable Song on the unhappy hunting in Chevy Chase between Earle Piercy of England / and Earle Dowglas of Scotland.,1658-1658,"{""value"": ""1658-1658"", ""certainty"": ""exact""}",,,,1: 212,{},"[""animals/ nature"", ""country/ nation"", ""entertainments"", ""military/ war"", ""nobility/ court"", ""royalty""]","[""animals/ nature"", ""country/ nation"", ""entertainments"", ""military/ war"", ""nobility/ court"", ""royalty""]",[],"{""Tune-Total"": ""1"", ""Tune-1"": ""Flying Fame"", ""Tune_Simpson-1"": ""Chevy Chase"", ""Tune_Modern-1"": ""Flying Fame""}",256,https://ebba.english.ucsb.edu/ballad/31673/citation,https://ebba.english.ucsb.edu/ballad/31673/ebba-xml-31673,50575a2053e0224d56cf66b1f91b7c088af91c3008d5c928f30cece7d5dbbce4,"[""67""]",1485,"[""animalsnature"", ""countrynation"", ""entertainments"", ""militarywar"", ""nobilitycourt"", ""royalty""]",[]
31689,A Memoriable Song on the unhappy hunting in Chevy Chase between Earle Piercy of England / and Earle Dowglas of Scoland.,1658-1658,"{""value"": ""1658-1658"", ""certainty"": ""exact""}",,,,1: 213,{},"[""animals/ nature"", ""country/ nation"", ""entertainments"", ""military/ war"", ""nobility/ court"", ""royalty""]","[""animals/ nature"", ""country/ nation"", ""entertainments"", ""military/ war"", ""nobility/ court"", ""royalty""]",[],"{""Tune-Total"": ""1"", ""Tune-1"": ""Flying Fame"", ""Tune_Simpson-1"": ""Chevy Chase"", ""Tune_Modern-1"": ""Flying Fame""}",256,https://ebba.english.ucsb.edu/ballad/31689/citation,https://ebba.english.ucsb.edu/ballad/31689/ebba-xml-31689,1d2be89cbaf21ea57ff9881fd652d4cc4f0a75361c5f13e1104cacf30369fb5d,"[""67""]",1486,"[""animalsnature"", ""countrynation"", ""entertainments"", ""militarywar"", ""nobilitycourt"", ""royalty""]",[]
31713,"A most Excellent Ballad of St. George for England, and the Kings Daughter of AEgypt, whom he delivered from death; / and how he slew a Mighty Dragon.",1663-1663,"{""value"": ""1663-1663"", ""certainty"": ""exact""}",,,,1: 222,{},"[""animals/ nature"", ""folklore"", ""love"", ""monstrosity"", ""religious figures"", ""religious groups"", ""royalty""]","[""animals/ nature"", ""folklore"", ""love"", ""monstrosity"", ""religious figures"", ""religious groups"", ""royalty""]",[],"{""Tune-Total"": ""1"", ""Tune-1"": ""Flying Fame"", ""Tune_Simpson-1"": ""Queen Dido; Troy Town"", ""Tune_Modern-1"": ""Flying Fame""}",264,https://ebba.english.ucsb.edu/ballad/31713/citation,https://ebba.english.ucsb.edu/ballad/31713/ebba-xml-31713,6e5e3831c68a1d884870e3363a4ff6a57b3717c747d2306dabd3690840422e10,"[""67""]",1721,"[""animalsnature"", ""folklore"", ""love"", ""monstrosity"", ""religiousfigures"", ""religiousgroups"", ""royalty""]",[]
31786,"A Lamentable BALLAD / OF / Fair ROSAMOND, / King Henry the Second's Concubine, / Who was put to Death by Queen ELINOR, in the Famous Bower of Wood- / stock, near Oxford.",1696-1696,"{""value"": ""1696-1696"", ""certainty"": ""approx""}",,,,1: 238,{},"[""clothing/ appearance"", ""gender"", ""infidelity"", ""military/ war"", ""punishment"", ""royalty"", ""sex/ sexuality""]","[""clothing/ appearance"", ""gender"", ""infidelity"", ""military/ war"", ""punishment"", ""royalty"", ""sex/ sexuality""]",[],"{""Tune-Total"": ""1"", ""Tune-1"": ""Flying Fame"", ""Tune_Simpson-1"": ""Chevy Chase"", ""Tune_Modern-1"": ""Flying Fame""}",191,https://ebba.english.ucsb.edu/ballad/31786/citation,https://ebba.english.ucsb.edu/ballad/31786/ebba-xml-31786,34de900269dbc443d6b29288ecc238696dedb382cf74b3945ff8b24b2207bc57,"[""67""]",1082,"[""clothingappearance"", ""gender"", ""infidelity"", ""militarywar"", ""punishment"", ""royalty"", ""sexsexuality""]",[]
32019,"The Woful Lamentation of Mistris Jane Shore, a Goldsmiths Wife / in London, sometime King Edward the Fourth's Concubine, who for her wanton life, came to a miserable end. Set / forth for the example of all lewd Livers.",1663-1663,"{""value"": ""1663-1663"", ""certainty"": ""exact""}",,,,1: 394,{},"[""affliction/ health"", ""clothing/ appearance"", ""crime"", ""death"", ""infidelity"", ""law"", ""marriage"", ""nobility/ court"", ""punishment"", ""royalty"", ""sex/ sexuality"", ""travel""]","[""affliction/ health"", ""clothing/ appearance"", ""crime"", ""death"", ""infidelity"", ""law"", ""marriage"", ""nobility/ court"", ""punishment"", ""royalty"", ""sex/ sexuality"", ""travel""]",[],"{""Tune-Total"": ""1"", ""Tune-1"": ""Live with me"", ""Tune_Simpson-1"": ""Come Live with Me and Be My Love"", ""Tune_Modern-1"": ""Live with me""}",326,https://ebba.english.ucsb.edu/ballad/32019/citation,https://ebba.english.ucsb.edu/ballad/32019/ebba-xml-32019,35d6992a634acfa6689ea167d314b9c83b8364297e4d1d584c231d3d7cd6674a,"[""18""]",1993,"[""afflictionhealth"", ""clothingappearance"", ""crime"", ""death"", ""infidelity"", ""law"", ""marriage"", ""nobilitycourt"", ""punishment"", ""royalty"", ""sexsexuality"", ""travel""]",[]
32020,"The Woful LAMENTATION of JANE SHORE, / A Goldsmith's Wife, in London, sometime King EDWARD the Fourth's CONCUBINE, who / for her Wanton Life came to a Miserable End: Set for the EXAMPLE of all Wicked LIVERS.",1693-1693,"{""value"": ""1693-1693"", ""certainty"": ""approx""}",,,,1: 395,{},"[""affliction/ health"", ""clothing/ appearance"", ""crime"", ""death"", ""infidelity"", ""law"", ""marriage"", ""nobility/ court"", ""punishment"", ""royalty"", ""sex/ sexuality"", ""travel""]","[""affliction/ health"", ""clothing/ appearance"", ""crime"", ""death"", ""infidelity"", ""law"", ""marriage"", ""nobility/ court"", ""punishment"", ""royalty"", ""sex/ sexuality"", ""travel""]",[],"{""Tune-Total"": ""1"", ""Tune-1"": ""Live with me, &c"", ""Tune_Simpson-1"": ""Come Live with Me and Be My Love"", ""Tune_Modern-1"": ""Live with me, etc""}",278,https://ebba.english.ucsb.edu/ballad/32020/citation,https://ebba.english.ucsb.edu/ballad/32020/ebba-xml-32020,f622b7ee813d1d36dbf1b5c111e74abdd14538bc3e8a6e7df012b21b1ff51b75,"[""18""]",1836,"[""afflictionhealth"", ""clothingappearance"", ""crime"", ""death"", ""infidelity"", ""law"", ""marriage"", ""nobilitycourt"", ""punishment"", ""royalty"", ""sexsexuality"", ""travel""]",[]
32069,"A Memorable Song, on the lamentable, bloody, and unhap- / py Hunting at Chevychase. Betwixt Earle Dowglas of SCOTLAND, / and Earle Piercy of ENGLAND.",?-?,"{""value"": ""?-?"", ""certainty"": ""approx""}",,,,1: 1,{},"[""animals/ nature"", ""entertainments"", ""nobility/ court""]","[""animals/ nature"", ""entertainments"", ""nobility/ court""]",[],{},248,https://ebba.english.ucsb.edu/ballad/32069/citation,https://ebba.english.ucsb.edu/ballad/32069/ebba-xml-32069,8ef005b8e5bf22348380dffbb5dcdb63bcd346bd57c72ce9a10cde9a05e3309c,"[""67""]",1439,"[""animalsnature"", ""entertainments"", ""nobilitycourt""]",[]
32348,A Ioyful Song of the Royall receiuing of the / Queenes most excellent Maiestie into her highnesse Campe at Tilsburie in Essex: on / Thursday and Fryday the eight and ninth of August. 1588.,1588-1588,"{""value"": ""1588-1588"", ""certainty"": ""exact""}",,,,1: 18309,{},"[""country/ nation"", ""military/ war"", ""royalty""]","[""country/ nation"", ""military/ war"", ""royalty""]",[],{},180,https://ebba.english.ucsb.edu/ballad/32348/citation,https://ebba.english.ucsb.edu/ballad/32348/ebba-xml-32348,1491b7d63f2d30e8eeb056a7b7c97197036196937cd4b3fdfeeb0bf78b0b83fa,"[""32""]",1150,"[""countrynation"", ""militarywar"", ""royalty""]",[]
32440,"A memorable Song, on the unhappy Hunting in Chevy-Chase, betweene Earle Piercy of England, and / Earle Dowglas of Scotland.",1602-1602,"{""value"": ""1602-1602"", ""certainty"": ""approx""}",,,,1: 288220,{},"[""country/ nation"", ""death"", ""entertainments"", ""military/ war"", ""nobility/ court""]","[""country/ nation"", ""death"", ""entertainments"", ""military/ war"", ""nobility/ court""]",[],{},256,https://ebba.english.ucsb.edu/ballad/32440/citation,https://ebba.english.ucsb.edu/ballad/32440/ebba-xml-32440,d49dfcdac659904aa93e081f608c0740a2845327ee1be85be48c98774dad95b0,"[""67""]",1489,"[""countrynation"", ""death"", ""entertainments"", ""militarywar"", ""nobilitycourt""]",[]
32457,"The NORFOLK GENTLEMAN's Last Will and Testa[m]ent: / WHO, / On his Death Bed, committed the keeping of his two CHILDREN, (a Boy and a Girl) to his / Own BROTHER, who did most wickedly cause them to be destroyed, that so he might possess / himself of the Children's Estate, but by the just Judgment of God, the Murder was found out, / himself, and all that he had were destroyed from off the Face of the Earth.",1730-1730,"{""value"": ""1730-1730"", ""certainty"": ""approx""}",,,,1: 289734,{},"[""affliction/ health"", ""children"", ""death"", ""family"", ""punishment"", ""religious concepts"", ""trickery/ deceit"", ""violence""]","[""affliction/ health"", ""children"", ""death"", ""family"", ""punishment"", ""religious concepts"", ""trickery/ deceit"", ""violence""]",[],{},160,https://ebba.english.ucsb.edu/ballad/32457/citation,https://ebba.english.ucsb.edu/ballad/32457/ebba-xml-32457,8fa72d62068558cde3dc64ea44d86d94dce1b56aa4360c105ba836c425d6599f,"[""168""]",940,"[""afflictionhealth"", ""children"", ""death"", ""family"", ""punishment"", ""religiousconcepts"", ""trickerydeceit"", ""violence""]",[]
32785,"A New / BALLAD, / Call'd the / Greenwich Hunting-Match.",?-?,"{""value"": ""?-?"", ""certainty"": ""approx""}",,,,1: 428,{},"[""entertainments"", ""politics/ government"", ""religious groups""]","[""entertainments"", ""politics/ government"", ""religious groups""]",[],"{""Tune-Total"": ""1"", ""Tune-1"": ""Chevy-Chace."", ""Tune_Simpson-1"": ""Chevy Chase"", ""Tune_Modern-1"": ""Chevy-Chace.""}",56,https://ebba.english.ucsb.edu/ballad/32785/citation,https://ebba.english.ucsb.edu/ballad/32785/ebba-xml-32785,8828627d2257db553f7b3692914d0e7b36a2094c9104a8759adc57515792ba73,"[""67""]",325,"[""entertainments"", ""politicsgovernment"", ""religiousgroups""]",[]
32868,"A Godly Guide of Directions / for true penitent Sinners of these troubled times. / That we call to God to be our friend, / To think upon our latter end, / Mans Life is short and at no stay / Wee almost have a dying day, / That God may guide us along, / To bring us to our heavenly home, / Where our Souls may live and ever rest / With heavenly Angels that are blest.",?-?,"{""value"": ""?-?"", ""certainty"": ""approx""}",,,,1: 443,{},"[""advice"", ""death"", ""religious concepts"", ""virtue""]","[""advice"", ""death"", ""religious concepts"", ""virtue""]",[],"{""Tune-Total"": ""1"", ""Tune-1"": ""Aim not too high."", ""Tune_Simpson-1"": ""UNKNOWN"", ""Tune_Modern-1"": ""Aim not too high.""}",76,https://ebba.english.ucsb.edu/ballad/32868/citation,https://ebba.english.ucsb.edu/ballad/32868/ebba-xml-32868,b85272176ca9ac8b66867ced713fc8e19e1225ce50da750db1fe3193b3bac103,"[""42""]",668,"[""advice"", ""death"", ""religiousconcepts"", ""virtue""]",[]
32878,"A / BALLAD / UPON THE / POPISH PLOT / Written by a Lady of Quality. / Whether you like my song or like it not, / It is the down=fall of the Popish Plot; / With Characters of Plotters here I sing, / Who would destroy our good and gracious King; / Whom God preserve, and give us cause to hope / His Foes will be rewarded with a Rope.",?-?,"{""value"": ""?-?"", ""certainty"": ""approx""}",,,,1: 454,{},"[""politics/ government"", ""religious groups""]","[""politics/ government"", ""religious groups""]",[],"{""Tune-Total"": ""1"", ""Tune-1"": ""Packington's Pound"", ""Tune_Simpson-1"": ""Packington's Pound"", ""Tune_Modern-1"": ""Packington's Pound""}",91,https://ebba.english.ucsb.edu/ballad/32878/citation,https://ebba.english.ucsb.edu/ballad/32878/ebba-xml-32878,2b638405cfb689446a5e2ae3eb6dcf54f9d3fc0d3a7d06de51e15b09d59734c5,"[""35""]",625,"[""politicsgovernment"", ""religiousgroups""]",[]
32879,"A / BALLAD / UPON THE / POPISH PLOT / Written by a Lady of Quality. / Whether you will like my song or like it not, / It is the down=fall of the Popish Plot; / With Characters of Plotters here I sing, / Who would destroy our good and gracious King; / Whom God preserve, and give us cause to hope / His Foes will be rewarded with a Rope.",?-?,"{""value"": ""?-?"", ""certainty"": ""approx""}",,,,1: 454,{},"[""politics/ government"", ""religious groups""]","[""politics/ government"", ""religious groups""]",[],"{""Tune-Total"": ""1"", ""Tune-1"": ""Packington's Pound"", ""Tune_Simpson-1"": ""Packington's Pound"", ""Tune_Modern-1"": ""Packington's Pound""}",90,https://ebba.english.ucsb.edu/ballad/32879/citation,https://ebba.english.ucsb.edu/ballad/32879/ebba-xml-32879,87efc4092d4ac53ea39a25f624f823bfb0cb034d2a6f77966669fe5d534b546c,"[""35""]",618,"[""politicsgovernment"", ""religiousgroups""]",[]
32998,"A Discription of Plain-dealing, Time, and Death, / Which all Men ought to mind whilst they do live on earth. / Abuse not Plain-dealing, but keep your Conscience clear, / Spend well your Time also, then Death you need not fear. / Plain-dealing is grown out of Date / Because he is poor, many him hate: / Conscience likewise is laid aside, / 'Cause he base Actions can't abide.",1674-1674,"{""value"": ""1674-1674"", ""certainty"": ""approx""}",,,,1: 564,{},"[""advice"", ""death"", ""vice"", ""virtue""]","[""advice"", ""death"", ""vice"", ""virtue""]",[],"{""Tune-Total"": ""1"", ""Tune-1"": ""A Letter for a Christian Family."", ""Tune_Simpson-1"": ""Fortune my Foe"", ""Tune_Modern-1"": ""A Letter for a Christian Family.""}",101,https://ebba.english.ucsb.edu/ballad/32998/citation,https://ebba.english.ucsb.edu/ballad/32998/ebba-xml-32998,0daefe58a64b42f8f55ef3f6c0074fefcdf78f2bef7863ff23f0dcf011eb87c1,"[""42""]",801,"[""advice"", ""death"", ""vice"", ""virtue""]",[]
33906,"A LAMENTABLE BALLAD OF / FAIR ROSAMOND, / Concubine to Henry 2nd. / Who was put to death by Queen Eleanor, in the famous Bower of Wood- / stock, near Oxford.",?-?,"{""value"": ""?-?"", ""certainty"": ""approx""}",,,,1: 1281,{},"[""clothing/ appearance"", ""gender"", ""infidelity"", ""military/ war"", ""punishment"", ""royalty"", ""sex/ sexuality""]","[""clothing/ appearance"", ""gender"", ""infidelity"", ""military/ war"", ""punishment"", ""royalty"", ""sex/ sexuality""]",[],"{""Tune-Total"": ""1"", ""Tune-1"": ""Flying Fame."", ""Tune_Simpson-1"": ""Chevy Chase"", ""Tune_Modern-1"": ""Flying Fame.""}",192,https://ebba.english.ucsb.edu/ballad/33906/citation,https://ebba.english.ucsb.edu/ballad/33906/ebba-xml-33906,8a87367d9bc70d533337e4b2108c06c6eea951c14df00ce46b54b702c66e6b63,"[""67""]",1077,"[""clothingappearance"", ""gender"", ""infidelity"", ""militarywar"", ""punishment"", ""royalty"", ""sexsexuality""]",[]
33989,"A / Prophetick LAMPOON, Made Anno 1659. / By his Grace George Duke of Buckingham: / Relating to what would happen to the GOVERNMENT / under KING CHARLES II.",1689-1689,"{""value"": ""1689-1689"", ""certainty"": ""approx""}",,,,1: 1318,{},"[""country/ nation"", ""royalty"", ""vice""]","[""country/ nation"", ""royalty"", ""vice""]",[],"{""Tune-Total"": ""1"", ""Tune-1"": ""Which no body can deny."", ""Tune_Simpson-1"": ""Greensleeves"", ""Tune_Modern-1"": ""Which no body can deny.""}",38,https://ebba.english.ucsb.edu/ballad/33989/citation,https://ebba.english.ucsb.edu/ballad/33989/ebba-xml-33989,cd71a256500b50a08aca2a13c10245c239e86c24aa20eaa5f4acab51b66f53de,"[""32""]",341,"[""countrynation"", ""royalty"", ""vice""]",[]
34008,"The dying tears of a true Lover forsaken, / Made on his Death=bed; the hour before his Death..",?-?,"{""value"": ""?-?"", ""certainty"": ""approx""}",,,,1: 1170,{},"[""advice"", ""affliction/ health"", ""death"", ""infidelity"", ""love""]","[""advice"", ""affliction/ health"", ""death"", ""infidelity"", ""love""]",[],"{""Tune-Total"": ""1"", ""Tune-1"": ""Come live with me."", ""Tune_Simpson-1"": ""Come Live with Me and Be My Love"", ""Tune_Modern-1"": ""Come live with me.""}",156,https://ebba.english.ucsb.edu/ballad/34008/citation,https://ebba.english.ucsb.edu/ballad/34008/ebba-xml-34008,fa91e18770d91e46e819120009f399d00d57cb57b7e1ae717ef300747b522473,"[""18""]",1060,"[""advice"", ""afflictionhealth"", ""death"", ""infidelity"", ""love""]",[]
34108,"A Description of Old England, Or, / A true Declaration of the times. / Old England of late days it is grown new, / As many by experience finds it true; / Throughout the Land, in Country, City, and in Town, / The times are harder then e're they were known; / Observe these Verses which below are pend, / And let us pray that these bad times may mend.",?-?,"{""value"": ""?-?"", ""certainty"": ""approx""}",,,,1: 1244,{},"[""clothing/ appearance"", ""country/ nation"", ""economics/ commerce"", ""vice""]","[""clothing/ appearance"", ""country/ nation"", ""economics/ commerce"", ""vice""]",[],"{""Tune-Total"": ""1"", ""Tune-1"": ""is not old England grown new."", ""Tune_Simpson-1"": ""Greensleeves"", ""Tune_Modern-1"": ""Is not old England grown new.""}",69,https://ebba.english.ucsb.edu/ballad/34108/citation,https://ebba.english.ucsb.edu/ballad/34108/ebba-xml-34108,52b7d3f17b92c075d665eaa0954a4ddfde3fb26e149601ddf742cd5b3392354f,"[""32""]",541,"[""clothingappearance"", ""countrynation"", ""economicscommerce"", ""vice""]",[]
34400,"A / DISPLAY / Of the Headpiece and Codpiece / VALOUR / Of the most renowned Colonel Robert Jermy, late of Bafield in the County of / Norfolk, Esquire, with his Son Captain Toll by his side, now on their way for New-England. / Or the Lively description of a dead-hearted fellow,",1660-1660,"{""value"": ""1660-1660"", ""certainty"": ""exact""}",,,,1: 1,{},"[""news"", ""nobility/ court"", ""politics/ government"", ""vulgar humor""]","[""news"", ""nobility/ court"", ""politics/ government"", ""vulgar humor""]",[],"{""Tune-Total"": ""1"", ""Tune-1"": ""a Turd, or the Black-Smith"", ""Tune_Simpson-1"": ""Greensleeves"", ""Tune_Modern-1"": ""a Turd, or the BlackSmith""}",185,https://ebba.english.ucsb.edu/ballad/34400/citation,https://ebba.english.ucsb.edu/ballad/34400/ebba-xml-34400,b1fa10870241a85935c0ecffecf4456f34e5d505e3c9f2e9e77332822d377176,"[""32""]",1048,"[""news"", ""nobilitycourt"", ""politicsgovernment"", ""vulgarhumor""]",[]
34420,"A Nevv-thing, of Nothing: / OR, / A Song made of Nothing, the newest in Print; / He that seriously mindes it, will find Something in't.",1664-1664,"{""value"": ""1664-1664"", ""certainty"": ""exact""}",,,,1: 1,{},"[""advice"", ""class"", ""country/ nation""]","[""advice"", ""class"", ""country/ nation""]",[],"{""Tune-Total"": ""1"", ""Tune-1"": ""NONE"", ""Tune_Simpson-1"": ""Greensleeves""}",69,https://ebba.english.ucsb.edu/ballad/34420/citation,https://ebba.english.ucsb.edu/ballad/34420/ebba-xml-34420,88dfd74c2584ea371e960c543897c55ae08db878694c3fcd8f2fe791db7927c2,"[""32""]",602,"[""advice"", ""class"", ""countrynation""]",[]
34595,"A / Prophetick LAMPOON, Made Anno 1659. / By his Grace George Duke of Buckingham: / Relating to what would happen to the GOVERNMENT / under KING CHARLES II.",1689-1689,"{""value"": ""1689-1689"", ""certainty"": ""approx""}",,,,1: 1,{},"[""country/ nation"", ""royalty"", ""vice""]","[""country/ nation"", ""royalty"", ""vice""]",[],"{""Tune-Total"": ""1"", ""Tune-1"": ""Which no body can deny"", ""Tune_Simpson-1"": ""Greensleeves"", ""Tune_Modern-1"": ""Which nobody can deny""}",38,https://ebba.english.ucsb.edu/ballad/34595/citation,https://ebba.english.ucsb.edu/ballad/34595/ebba-xml-34595,835027959185febbe114b73751172c32dff70ea6623f98b94e7d1f933a77e576,"[""32""]",341,"[""countrynation"", ""royalty"", ""vice""]",[]
34604,"A / BALLAD. / The Third Part, To the same Tune. / Written by a Lady of Quality. / The Plot is vanish'd like to a bashfull Sprite, / Which with false flashes, Fools could only fright. / The wise, (whose clearer Souls can penetrate,) / Find's shadows drawn before Intrigues of State. / God bless our King, the Church, and Nation too, / Whil'st perjur'd Villains have what is their due.",?-?,"{""value"": ""?-?"", ""certainty"": ""approx""}",,,,1: 1,{},"[""politics/ government"", ""religious groups"", ""trickery/ deceit""]","[""politics/ government"", ""religious groups"", ""trickery/ deceit""]",[],"{""Tune-Total"": ""1"", ""Tune-1"": ""Packington's Pound"", ""Tune_Simpson-1"": ""Packington's Pound"", ""Tune_Modern-1"": ""Packington's Pound""}",110,https://ebba.english.ucsb.edu/ballad/34604/citation,https://ebba.english.ucsb.edu/ballad/34604/ebba-xml-34604,a500332dfb368f23669f2b3e2f0371dfc57c69c8a6225b14a865a0be810371be,"[""35""]",741,"[""politicsgovernment"", ""religiousgroups"", ""trickerydeceit""]",[]
34605,"A / BALLAD. / The Third part, To the same Tune. / Written by a Lady of Quality. / The Plot is vanish'd like a bashful Sprite, / Which with false Flashes Fools could onely fright. / The Wise (whose clearer Souls can penetrate) / Find Shadows drawn before Intrigues of State. / God bless our King, the Church, and Nation too, / Whilest perjur'd Villains have what is their due.",?-?,"{""value"": ""?-?"", ""certainty"": ""approx""}",,,,1: 1,{},"[""politics/ government"", ""religious groups"", ""trickery/ deceit""]","[""politics/ government"", ""religious groups"", ""trickery/ deceit""]",[],"{""Tune-Total"": ""1"", ""Tune-1"": ""Packington's Pound"", ""Tune_Simpson-1"": ""Packington's Pound"", ""Tune_Modern-1"": ""Packington's Pound""}",110,https://ebba.english.ucsb.edu/ballad/34605/citation,https://ebba.english.ucsb.edu/ballad/34605/ebba-xml-34605,a9de67ad315f9a1dc0ba99017729b3f8c50970045b4b71b0e9a7789dab07434d,"[""35""]",739,"[""politicsgovernment"", ""religiousgroups"", ""trickerydeceit""]",[]
34606,"A / BALLAD / UPON THE / POPISH PLOT / Written by a Lady of Quality. / Whether you will like my song or like it not, / It is the down=fall of the Popish Plot; / With Characters of Plotters here I sing, / Who would destroy our good and gracious King; / Whom God preserve, and give us cause to hope / His Foes will be rewarded with a Rope.",?-?,"{""value"": ""?-?"", ""certainty"": ""approx""}",,,,1: 1,{},"[""politics/ government"", ""religious groups""]","[""politics/ government"", ""religious groups""]",[],"{""Tune-Total"": ""1"", ""Tune-1"": ""Packington's Pound"", ""Tune_Simpson-1"": ""Packington's Pound"", ""Tune_Modern-1"": ""Packington's Pound""}",90,https://ebba.english.ucsb.edu/ballad/34606/citation,https://ebba.english.ucsb.edu/ballad/34606/ebba-xml-34606,fc2344917a87c5b81e10a615ec6078236c199f029535e341d9d15c9c6bbde158,"[""35""]",618,"[""politicsgovernment"", ""religiousgroups""]",[]
34959,"A Godly Guide of Directions / for true penitent Sinners in these troubled times. / That we call to God to be our friend, / To think upon our latter end, / Mans Life is short and at no stay / Wee almost have a dying day, / That God may guide us along, / To bring us to our heavenly home, / Where our Souls may live and ever rest / With heavenly Angels that are blest.",?-?,"{""value"": ""?-?"", ""certainty"": ""approx""}",,,,1: 1,{},"[""advice"", ""death"", ""religious concepts"", ""virtue""]","[""advice"", ""death"", ""religious concepts"", ""virtue""]",[],"{""Tune-Total"": ""1"", ""Tune-1"": ""Aim not too high"", ""Tune_Simpson-1"": ""Fortune my Foe"", ""Tune_Modern-1"": ""Aim not too high""}",76,https://ebba.english.ucsb.edu/ballad/34959/citation,https://ebba.english.ucsb.edu/ballad/34959/ebba-xml-34959,5e324db1990ffd202c7e427fbe54af8f0ad97de12896684746d174effe3034a5,"[""42""]",668,"[""advice"", ""death"", ""religiousconcepts"", ""virtue""]",[]
35128,"A Discription of Plain-dealing, Time, and Death, / Which all Men ought to mind whilst they do live on earth. / Abuse not Plain-dealing, but keep your Conscience clear, / Spend well your Time also, then Death you need not fear. / Plain-dealing is grown out of Date / Because he is poor, many him hate: / Conscience likewise is laid aside, / 'Cause he base Actions can't abide.",?-?,"{""value"": ""?-?"", ""certainty"": ""approx""}",,,Houghton Library Huth EBB65H,1: 70,{},"[""advice"", ""economics/ commerce"", ""trickery/ deceit"", ""virtue""]","[""advice"", ""economics/ commerce"", ""trickery/ deceit"", ""virtue""]",[],"{""Tune-Total"": ""1"", ""Tune-1"": ""A letter for a christian family"", ""Tune_Simpson-1"": ""Fortune my Foe"", ""Tune_Modern-1"": ""A letter for a christian family""}",101,https://ebba.english.ucsb.edu/ballad/35128/citation,https://ebba.english.ucsb.edu/ballad/35128/ebba-xml-35128,2d0fec95c2ee4123a735dc39cefb5cc4f29897e60973ac687e80dcb66d33c4a8,"[""42""]",801,"[""advice"", ""economicscommerce"", ""trickerydeceit"", ""virtue""]",[]
35138,"The dying tears of a true Lover forsaken, / Made on his Death=bed; the hour before his Death.",?-?,"{""value"": ""?-?"", ""certainty"": ""approx""}",,,Houghton Library Huth EBB65H,1: 83,{},"[""advice"", ""affliction/ health"", ""death"", ""infidelity"", ""love""]","[""advice"", ""affliction/ health"", ""death"", ""infidelity"", ""love""]",[],"{""Tune-Total"": ""1"", ""Tune-1"": ""Come Live with Me"", ""Tune_Simpson-1"": ""Come Live with Me and Be My Love"", ""Tune_Modern-1"": ""Come Live with Me""}",156,https://ebba.english.ucsb.edu/ballad/35138/citation,https://ebba.english.ucsb.edu/ballad/35138/ebba-xml-35138,616a7b6bc15e2b6bc18e113bb03596269619a0629c702f91df64f3f750dc2355,"[""18""]",1059,"[""advice"", ""afflictionhealth"", ""death"", ""infidelity"", ""love""]",[]
35475,"The Woful Lamentation of Jane Shore, / A Goldsmith's Wife, in London, sometime King EDWARD the Fourth's CONCUBINE, who / for her Wanton Life came to a Miserable End: Set forth for the EXMPLE of all Wicked LIVERS.",?-?,"{""value"": ""?-?"", ""certainty"": ""approx""}",,,Houghton Library Hazlitt EC65,1: 61,{},"[""labor/ craft"", ""love"", ""marriage"", ""royalty"", ""travel""]","[""labor/ craft"", ""love"", ""marriage"", ""royalty"", ""travel""]",[],"{""Tune-Total"": ""1"", ""Tune-1"": ""Live with me"", ""Tune_Simpson-1"": ""Come Live with Me and Be My Love"", ""Tune_Modern-1"": ""Live with me""}",280,https://ebba.english.ucsb.edu/ballad/35475/citation,https://ebba.english.ucsb.edu/ballad/35475/ebba-xml-35475,7626c8173a18112d7b1b70866caea5c177f0e9b9874834c5d0b642c277c7b02d,"[""18""]",1860,"[""laborcraft"", ""love"", ""marriage"", ""royalty"", ""travel""]",[]
35507,"A Lamentable BALLAD / OF / Fair ROSAMOND, / King Henry the Second's Concubine, / Who was put to Death by Queen ELINOR, in the Famous Bower of Wood- / stock, near Oxford.",?-?,"{""value"": ""?-?"", ""certainty"": ""approx""}",,,Houghton Library Hazlitt EC65,1: 108,{},"[""clothing/ appearance"", ""gender"", ""infidelity"", ""military/ war"", ""punishment"", ""royalty"", ""sex/ sexuality""]","[""clothing/ appearance"", ""gender"", ""infidelity"", ""military/ war"", ""punishment"", ""royalty"", ""sex/ sexuality""]",[],"{""Tune-Total"": ""1"", ""Tune-1"": ""Flying Fame"", ""Tune_Simpson-1"": ""Chevy Chase"", ""Tune_Modern-1"": ""Flying Fame""}",192,https://ebba.english.ucsb.edu/ballad/35507/citation,https://ebba.english.ucsb.edu/ballad/35507/ebba-xml-35507,45a06a66c752a0d6f3085ca369d6b4262d2d58c07a63cad9aa998627972b0300,"[""67""]",1081,"[""clothingappearance"", ""gender"", ""infidelity"", ""militarywar"", ""punishment"", ""royalty"", ""sexsexuality""]",[]
35655,"A BALLAD / UPON THE / POPISH PLOT / Written by a Lady of Quality. / Whether you will like my song or like it not, / It is the down=fall of the Popish Plot; / With Characters of Plotters here I sing, / Who would destroy our good and gracious King; / Whom God preserve, and give us cause to hope / His Foes will be rewarded with a Rope.",1679-1679,"{""value"": ""1679-1679"", ""certainty"": ""exact""}",,,,:,{},"[""politics / government"", ""religious groups"", ""vice""]","[""politics / government"", ""religious groups"", ""vice""]",[],"{""Tune-Total"": ""2"", ""Tune-1"": ""of the same Tune"", ""Tune_Simpson-1"": ""Packington's Pound"", ""Tune_Modern-1"": ""Of the Same Tune"", ""Tune-2"": ""Packington's Pound"", ""Tune_Simpson-2"": ""Packington's Pound"", ""Tune_Modern-2"": ""Packington's Pound""}",90,https://ebba.english.ucsb.edu/ballad/35655/citation,https://ebba.english.ucsb.edu/ballad/35655/ebba-xml-35655,3e9530b662336460e8515bf50d0c7138cccbe42e06112fb16baee6def9ac99b8,"[""35""]",617,"[""politicsgovernment"", ""religiousgroups"", ""vice""]",[]
35658,"A Discription of Plain-dealing, Time, and Death, / Which all Men ought to mind whilst they do live on earth. / Abuse not Plain-dealing, but keep your Conscience clear, / Spend well your Time also, then Death you need not fear. / Plain-dealing is grown out of Date / Because he is poor, many him hate: / Conscience likewise is laid aside, / 'Cause he base Actions can't abide.",1674-1674,"{""value"": ""1674-1674"", ""certainty"": ""exact""}",,,,:,{},"[""advice"", ""death"", ""vice"", ""virtue""]","[""advice"", ""death"", ""vice"", ""virtue""]",[],"{""Tune-Total"": ""2"", ""Tune-1"": ""A Letter for a Christian Family"", ""Tune_Simpson-1"": ""Fortune my Foe"", ""Tune_Modern-1"": ""A Letter for a Christian Family"", ""Tune-2"": ""NONE"", ""Tune_Simpson-2"": ""Fortune my Foe""}",101,https://ebba.english.ucsb.edu/ballad/35658/citation,https://ebba.english.ucsb.edu/ballad/35658/ebba-xml-35658,492ca0762d8fab0d53905b1b3aaca78581e2b900752f6f60e89e583e01630fdd,"[""42""]",801,"[""advice"", ""death"", ""vice"", ""virtue""]",[]
35911,"The dying tears of a true Lover forsaken, / Made on his Death=bed; the hour before his Death.",1678-1678,"{""value"": ""1678-1678"", ""certainty"": ""exact""}",,,,:,{},"[""advice"", ""affliction / health"", ""death"", ""infidelity"", ""love""]","[""advice"", ""affliction / health"", ""death"", ""infidelity"", ""love""]",[],"{""Tune-Total"": ""2"", ""Tune-1"": ""Come live with me"", ""Tune_Simpson-1"": ""Come Live with Me and Be My Love"", ""Tune_Modern-1"": ""Come Live With Me"", ""Tune-2"": ""to the same Tune"", ""Tune_Simpson-2"": ""Come Live with Me and Be My Love"", ""Tune_Modern-2"": ""To the Same Tune""}",156,https://ebba.english.ucsb.edu/ballad/35911/citation,https://ebba.english.ucsb.edu/ballad/35911/ebba-xml-35911,e16a5e2b2940c67a08b1a5ea689f7bb15f430ecbd5ebd855802cfd2a3a7fb2cd,"[""18""]",1059,"[""advice"", ""afflictionhealth"", ""death"", ""infidelity"", ""love""]",[]
36165,"A / BALLAD / UPON THE / POPISH PLOT / Written by a Lady of Quality. / Whether you will like my song or like it not, / It is the down=fall of the Popish Plot; / With Characters of Plotters here I sing, / Who would destroy our good and gracious King; / Whom God preserve, and give us cause to hope / His Foes will be rewarded with a Rope.",1679-1679,"{""value"": ""1679-1679"", ""certainty"": ""exact""}",,,,:,{},"[""crime"", ""politics / government"", ""punishment"", ""religious groups""]","[""crime"", ""politics / government"", ""punishment"", ""religious groups""]",[],"{""Tune-Total"": ""2"", ""Tune-1"": ""of the same Tune"", ""Tune_Simpson-1"": ""Packington's Pound"", ""Tune_Modern-1"": ""Of the Same Tune"", ""Tune-2"": ""Packington's Pound"", ""Tune_Simpson-2"": ""Packington's Pound"", ""Tune_Modern-2"": ""Packington's Pound""}",90,https://ebba.english.ucsb.edu/ballad/36165/citation,https://ebba.english.ucsb.edu/ballad/36165/ebba-xml-36165,2873ed3ff144a79d1e197564be480e6e92aea504f2feef5190721e1211e60e9b,"[""35""]",618,"[""crime"", ""politicsgovernment"", ""punishment"", ""religiousgroups""]",[]
36219,"A / Prophetick LAMPOON, Made Anno 1659. / By his Grace George Duke of Buckingham: / Relating to what would happen to the GOVERNMENT / under KING CHARLES II.",1689-1689,"{""value"": ""1689-1689"", ""certainty"": ""exact""}",,,,:,{},"[""country / nation"", ""royalty"", ""vice""]","[""country / nation"", ""royalty"", ""vice""]",[],"{""Tune-Total"": ""1"", ""Tune-1"": ""Which no body can deny"", ""Tune_Simpson-1"": ""Greensleeves"", ""Tune_Modern-1"": ""Which Nobody can Deny""}",38,https://ebba.english.ucsb.edu/ballad/36219/citation,https://ebba.english.ucsb.edu/ballad/36219/ebba-xml-36219,74450de7ed8422ff90a9e84591daf0baeb12070d0c87e1a7ba16da087ec6a9be,"[""32""]",341,"[""countrynation"", ""royalty"", ""vice""]",[]
36309,"A new Ballad, declaring the great Treason conspired against the / young King of Scots, and how one Andrew Browne an Englishman, which was the Kings / Chamberlaine, preuented the same.",1581-1581,"{""value"": ""1581-1581"", ""certainty"": ""exact""}",,,Society of Antiquaries of London - Broadsides,1: 71,{},"[""crime"", ""nobility / court"", ""royalty"", ""trickery / deceit""]","[""crime"", ""nobility / court"", ""royalty"", ""trickery / deceit""]",[],{},112,https://ebba.english.ucsb.edu/ballad/36309/citation,https://ebba.english.ucsb.edu/ballad/36309/ebba-xml-36309,04406f4f60c185a290e07a392980e1832f21e7fcd83c1c9a348e750fa5e3b11f,"[""32""]",733,"[""crime"", ""nobilitycourt"", ""royalty"", ""trickerydeceit""]",[]
32876,"A / BALLAD. / The Third Part, To the same Tune. / Written by a Lady of Quality. / The Plot is vanish'd like to a bashful Sprite, / Which with false flashes, Fools could only fright. / The wise, (whose clearer Souls can penetrate,) / Find's shadows drawn before Intrigues of State. / God bless our King, the Church, and Nation too, / Whil'st perjur'd Villains have what is their due.",?-?,"{""value"": ""?-?"", ""certainty"": ""approx""}",,,,1: 452,{},[],[],[],"{""Tune-Total"": ""1"", ""Tune-1"": ""Packington's Pound"", ""Tune_Simpson-1"": ""Packington's Pound"", ""Tune_Modern-1"": ""Packington's Pound""}",110,https://ebba.english.ucsb.edu/ballad/32876/citation,https://ebba.english.ucsb.edu/ballad/32876/ebba-xml-32876,1aa6e560efefc8871edd0780477320bcbba90ab7fe68fdf49129855deaf0ae3a,"[""35""]",746,[],"[""no_archive_keywords""]"
35273,"A Description of Old England, Or, / A true Declaration of the times. / Old England of late days it is grown new, / As many by experience finds it true; / Throughout the Land, in Country, City, and in Town, / The times are harder then e're they were known; / Observe these Verses which below are pend, / And let us pray that these bad times may mend.",?-?,"{""value"": ""?-?"", ""certainty"": ""approx""}",,,Houghton Library 25242.67,1: 42,{},[],[],[],{},68,https://ebba.english.ucsb.edu/ballad/35273/citation,https://ebba.english.ucsb.edu/ballad/35273/ebba-xml-35273,505194c801890c817aecfbf2cf7c173f7e9b5bdd945d49acf38f63ad3338bda6,"[""32""]",535,[],"[""no_archive_keywords""]"
36012,"A most excellent Godly new Ballad: / [shew]ing the manifold abuses of this wicked world, the intolerable pride of people, the wantonnesse [of] women, the dissimulation of flatterers, the subtitly of deceiuers, the beastlines of drunkards, / the filthinesse of Whoredome, the vnthriftines of Gamesters, the cruelty of Landlords, / with a number of other inconuenciences.",1615-1615,"{""value"": ""1615-1615"", ""certainty"": ""approx""}",,,Manchester Central Library Blackletter Ballads,1: 4,{},[],[],[],"{""Tune-Total"": ""1"", ""Tune-1"": ""Greene-sleeues"", ""Tune_Simpson-1"": ""Greensleeves"", ""Tune_Modern-1"": ""Greensleeves""}",99,https://ebba.english.ucsb.edu/ballad/36012/citation,https://ebba.english.ucsb.edu/ballad/36012/ebba-xml-36012,7a1eb1687f0c3b12b0eb5f71bc706532acd2e21020f9ef4cc127ae430a35eb2a,"[""32""]",560,[],"[""no_archive_keywords""]"
36063,"The dying teares of a true Lover forsaken, made upon / his Death-bed the houre before his Death.",1648-1648,"{""value"": ""1648-1648"", ""certainty"": ""approx""}",,,Manchester Central Library Blackletter Ballads,2: 9,{},[],[],[],"{""Tune-Total"": ""1"", ""Tune-1"": ""Come live with me"", ""Tune_Simpson-1"": ""Come Live with Me and Be My Love"", ""Tune_Modern-1"": ""Come Live With Me""}",156,https://ebba.english.ucsb.edu/ballad/36063/citation,https://ebba.english.ucsb.edu/ballad/36063/ebba-xml-36063,508561d9afe65fd9bcbcd6c6486ccb28803f8ae5a9d0131cc8d76af9123eb9a1,"[""18""]",1044,[],"[""no_archive_keywords""]"
36103,"A memorable Song, made vpon the vnhappy Hunting in Chevy Chase; between the Earle Pea[rcy] / of England, and the Earle Douglas of Scotland.",1625-1625,"{""value"": ""1625-1625"", ""certainty"": ""approx""}",,,Manchester Central Library Blackletter Ballads,2: 53,{},[],[],[],"{""Tune-Total"": ""1"", ""Tune-1"": ""flying Fame"", ""Tune_Simpson-1"": ""Chevy Chase"", ""Tune_Modern-1"": ""Flying Fameq""}",160,https://ebba.english.ucsb.edu/ballad/36103/citation,https://ebba.english.ucsb.edu/ballad/36103/ebba-xml-36103,783005a27ba6b0f5c7584258f5863ce43775f374be37451c81b8a78ae3582768,"[""67""]",929,[],"[""no_archive_keywords""]"
36416,"The Confession and Repentance of George Saunders, Gentleman, late of Hugh, / in the County of Hertford, who killed his own Uncle, and accused his own Father for the Murther, but / by Gods providence being discover'd, dyed for the same, whereas he wrote this Song with his own hand.",?-?,"{""value"": ""?-?"", ""certainty"": ""approx""}",,,,:,{},[],[],[],{},50,https://ebba.english.ucsb.edu/ballad/36416/citation,https://ebba.english.ucsb.edu/ballad/36416/ebba-xml-36416,cf5d958b920a74988a2bb9f9e48c3d7a42ac97c17890efc89392994c528ae1ae,"[""42""]",406,[],"[""no_archive_keywords""]"
36432,"A New Ballad,",?-?,"{""value"": ""?-?"", ""certainty"": ""approx""}",,,British Library - Luttrell,2: 12,{},[],[],[],"{""Tune-Total"": ""1"", ""Tune-1"": ""BLACK-SMITH"", ""Tune_Simpson-1"": ""Greensleeves"", ""Tune_Modern-1"": ""Blacksmith""}",84,https://ebba.english.ucsb.edu/ballad/36432/citation,https://ebba.english.ucsb.edu/ballad/36432/ebba-xml-36432,ece3c720ef6c427fbc596d8d4d8e48b6b9c6df9dfe1a0fec4cbc6a660c59d04a,"[""32""]",671,[],"[""no_archive_keywords""]"
36481,"A Discription of Plain-dealing, Time, and Death, / Which all Men ought to mind whilst they do live on earth. / Abuse not Plain-dealing, but keep your Conscience clear, / Spend well your Time also, then Death you need not fear. / Plain-dealing is grown out of Date / Because he is poor, many him hate: / Conscience likewise is laid aside, / 'Cause he base Actions can't abide.",?-?,"{""value"": ""?-?"", ""certainty"": ""approx""}",,,,1: 3,{},[],[],[],"{""Tune-Total"": ""1"", ""Tune-1"": ""A Letter for a Christian Family"", ""Tune_Simpson-1"": ""Fortune my Foe"", ""Tune_Modern-1"": ""A Letter for a Christian Family""}",101,https://ebba.english.ucsb.edu/ballad/36481/citation,https://ebba.english.ucsb.edu/ballad/36481/ebba-xml-36481,2bfc7a9f37f77662176ca87154f22aa667b1b45167a18c07b774d778d82560d4,"[""42""]",801,[],"[""no_archive_keywords""]"
36587,"A / BALLAD. / The Third Part, To the same Tune. / Written by a Lady of Quality. / The Plot is vanish'd like to a bashfull Sprite, / Which with false flashes, Fools could only fright. / The wise, (whose clearer Souls can penetrate,) / Find's shadows drawn before Intrigues of State. / God bless our King, the Church, and Nation too, / Whil'st perjur'd Villains have what is their due.",?-?,"{""value"": ""?-?"", ""certainty"": ""approx""}",,,British Library - Luttrell,3: 102,{},[],[],[],"{""Tune-Total"": ""1"", ""Tune-1"": ""Packington's Pound"", ""Tune_Simpson-1"": ""Packington's Pound"", ""Tune_Modern-1"": ""Packington's Pound""}",110,https://ebba.english.ucsb.edu/ballad/36587/citation,https://ebba.english.ucsb.edu/ballad/36587/ebba-xml-36587,40f08583e39ad1c305f8a7e135afdbbd2ace1020b6f9a5dcc20314a9403b7208,"[""35""]",738,[],"[""no_archive_keywords""]"
36588,"A / BALLAD. / The Third Part, To the same Tune. / Written by a Lady of Quality. / The Plot is vanish'd like a bashful Sprite, / Which with false Flashes Fools could onely fright. / The Wise (whose clearer Souls can penetrate) / Find Shadows drawn before Intrigues of State. / God bless our King, the Church, and Nation too, / Whilest perjur'd Villains have what is their due.",?-?,"{""value"": ""?-?"", ""certainty"": ""approx""}",,,British Library - Luttrell,3: 103,{},[],[],[],"{""Tune-Total"": ""1"", ""Tune-1"": ""Packington's Pound"", ""Tune_Simpson-1"": ""Packington's Pound"", ""Tune_Modern-1"": ""Packington's Pound""}",110,https://ebba.english.ucsb.edu/ballad/36588/citation,https://ebba.english.ucsb.edu/ballad/36588/ebba-xml-36588,abf19e8dd41625a1c3758b1a97491baf840fea7debff1376a3c87996e5ae2266,"[""35""]",740,[],"[""no_archive_keywords""]"
36602,"A / BALLAD / UPON THE / POPISH PLOT / Written by a Lady of Quality. / Whether you will like my song or like it not, / It is the downfall of the Popish Plot; / With Characters of Plotters here I sing, / Who would destroy our good and gracious King; / Whom God preserve, and give us cause to hope / His Foes will be rewarded with a Rope.",?-?,"{""value"": ""?-?"", ""certainty"": ""approx""}",,,British Library - Luttrell,3: 143,{},[],[],[],"{""Tune-Total"": ""2"", ""Tune-1"": ""of the same Tune"", ""Tune_Simpson-1"": ""Packington's Pound"", ""Tune_Modern-1"": ""Of the Same Tune"", ""Tune-2"": ""Packington's Pound"", ""Tune_Simpson-2"": ""Packington's Pound"", ""Tune_Modern-2"": ""Packington's Pound""}",90,https://ebba.english.ucsb.edu/ballad/36602/citation,https://ebba.english.ucsb.edu/ballad/36602/ebba-xml-36602,5e97ceb3b2fa6d3047700f26d003cf00559b0fc0a4c904eb2350f58a8f8e300d,"[""35""]",618,[],"[""no_archive_keywords""]"
36838,"A Nevv-thing, of Nothing: / OR, / A Song made of Nothing, the newest in Print; / He that seriously mindes it, will find Nothing in't.",?-?,"{""value"": ""?-?"", ""certainty"": ""approx""}",,,,1: 12,{},[],[],[],"{""Tune-Total"": ""1"", ""Tune-1"": ""NONE"", ""Tune_Simpson-1"": ""Greensleeves""}",69,https://ebba.english.ucsb.edu/ballad/36838/citation,https://ebba.english.ucsb.edu/ballad/36838/ebba-xml-36838,af2b381115f9b25a85de6c66df60fef6f2b6e7c50af9e2178c9951c0f1a8bc74,"[""32""]",603,[],"[""no_archive_keywords""]"
36930,"A / WATCH / FOR A / Wise Man's Observation. / In Two Parts. / First, A Divine POEM / ON THE / Three Persons in the Holy-Trinity, the Four Evangelists / The Ten Commandments, and the Twelve Apostles. II. A Preparation, by a Holy / Life, for the Hour of Death, that we may all be fitted for our latter End when we shall / go hence, and be no more seen.",?-?,"{""value"": ""?-?"", ""certainty"": ""approx""}",,,,1: 60,{},[],[],[],"{""Tune-Total"": ""2"", ""Tune-1"": ""NONE"", ""Tune_Simpson-1"": ""Fortune my Foe"", ""Tune-2"": ""NONE"", ""Tune_Simpson-2"": ""Fortune my Foe""}",120,https://ebba.english.ucsb.edu/ballad/36930/citation,https://ebba.english.ucsb.edu/ballad/36930/ebba-xml-36930,5fbb941e4bd6874530c4abe61f9dab5e8840212ac16810f1473485c92a92305f,"[""42""]",854,[],"[""no_archive_keywords""]"
36934,A New Ballad.,?-?,"{""value"": ""?-?"", ""certainty"": ""approx""}",,,,1: 64,{},[],[],[],"{""Tune-Total"": ""1"", ""Tune-1"": ""Chevy-Chase"", ""Tune_Simpson-1"": ""Chevy Chase"", ""Tune_Modern-1"": ""Chevy Chase""}",95,https://ebba.english.ucsb.edu/ballad/36934/citation,https://ebba.english.ucsb.edu/ballad/36934/ebba-xml-36934,bbe6aef2b00c59f88e97d11fb24e62b926faf0301b2ae66de43dda068b48afe6,"[""67""]",473,[],"[""no_archive_keywords""]"
37163,"A / BALLAD. / The Third Part, To the same Tune. / Written by a Lady of Quality. / The Plot is vanish'd like to a bashfull Sprite, / Which with false flashes, Fools could only fright. [...]",?-?,"{""value"": ""?-?"", ""certainty"": ""approx""}",,,British Library - 1872.a.1,1: 31,{},[],[],[],"{""Tune-Total"": ""1"", ""Tune-1"": ""Packington's Pound"", ""Tune_Simpson-1"": ""Packington's Pound"", ""Tune_Modern-1"": ""Packington's Pound""}",110,https://ebba.english.ucsb.edu/ballad/37163/citation,https://ebba.english.ucsb.edu/ballad/37163/ebba-xml-37163,0629918ab54212e63738dd5366dc65b3c84a9814bd9063ced0c3d9129d4b268d,"[""35""]",738,[],"[""no_archive_keywords""]"
37178,"The BALLAD of the / CLOAK, / OR / The CLOAKS Knaverie.",?-?,"{""value"": ""?-?"", ""certainty"": ""approx""}",,,,1: 8,{},[],[],[],"{""Tune-Total"": ""2"", ""Tune-1"": ""NONE"", ""Tune_Simpson-1"": ""Packington's Pound"", ""Tune-2"": ""NONE"", ""Tune_Simpson-2"": ""From Hunger and Cold""}",113,https://ebba.english.ucsb.edu/ballad/37178/citation,https://ebba.english.ucsb.edu/ballad/37178/ebba-xml-37178,bf7134b7b5c8d4110a900849d76893806ce70ef253ce0dd209038af9f3a868bf,"[""35""]",740,[],"[""no_archive_keywords""]"
37272,"The Woful LAMENTATION of JANE SHORE, / A Goldsmith's Wife, in London, sometime King EDWARD the Fourth's CONCUBINE, who / for her Wanton Life came to a Miserable End: Set forth for the EXAMPLE of all Wicked LIVERS.",?-?,"{""value"": ""?-?"", ""certainty"": ""approx""}",,,British Library - Bagford,1: 62,{},[],[],[],"{""Tune-Total"": ""2"", ""Tune-1"": ""Live with me, &c."", ""Tune_Simpson-1"": ""Come Live with Me and Be My Love"", ""Tune_Modern-1"": ""Live With Me, etc."", ""Tune-2"": ""NONE"", ""Tune_Simpson-2"": ""Come Live with Me and Be My Love""}",278,https://ebba.english.ucsb.edu/ballad/37272/citation,https://ebba.english.ucsb.edu/ballad/37272/ebba-xml-37272,bd10313d20edd2059888d511730f6947fc14878913da0dbfec0e1160c06f2fc3,"[""18""]",1833,[],"[""no_archive_keywords""]"
37303,"A / DISPLAY / Of the Headpiece and Codpiece / VALOUR / Of the most renowned Colonel Robert Jermy, late of Bafield in the County of / Norfolk, Esquire, with his Son Captain Toll by his side, now on their way for New-England. / Or the Lively description of a dead-hearted fellow,",?-?,"{""value"": ""?-?"", ""certainty"": ""approx""}",,,British Library - Bagford,1: 95,{},[],[],[],"{""Tune-Total"": ""1"", ""Tune-1"": ""a Turd, or the Black-Smith"", ""Tune_Simpson-1"": ""Greensleeves"", ""Tune_Modern-1"": ""A Turd, or The Blacksmith""}",185,https://ebba.english.ucsb.edu/ballad/37303/citation,https://ebba.english.ucsb.edu/ballad/37303/ebba-xml-37303,1b0231cb1e10099f2c18c58098729972c34b0f2c18556230419dc67b57fda759,"[""32""]",1045,[],"[""no_archive_keywords""]"
37364,"The Woful LAMENTATION of JANE SHORE, / A Goldsmith's Wife, in London, sometime King EDWARD the Fourth's CONCUBINE, who / for her Wanton Life came to a Miserable End: Set forth for the EXAMPLE of all Wicked LIVERS.",?-?,"{""value"": ""?-?"", ""certainty"": ""approx""}",,,British Library - Bagford,2: 26,{},[],[],[],"{""Tune-Total"": ""2"", ""Tune-1"": ""Live with me, &c."", ""Tune_Simpson-1"": ""Come Live with Me and Be My Love"", ""Tune_Modern-1"": ""Live With Me, etc."", ""Tune-2"": ""NONE"", ""Tune_Simpson-2"": ""Come Live with Me and Be My Love""}",280,https://ebba.english.ucsb.edu/ballad/37364/citation,https://ebba.english.ucsb.edu/ballad/37364/ebba-xml-37364,0d614a385a855701a1241d01982355bc350149afc518bc808658b7f984567341,"[""18""]",1854,[],"[""no_archive_keywords""]"
37449,"A Happy Memorable Ballad, / On the Fight near Audenarde, between the Duke of Marlborough, of Great / Britain, and the Duke of Vendome of France. / As also the strange and wonderful Manner how the Princes of the Blood-Royal of France were found / in a Wood. In allusson to the Unhappy Memorable Song, commonly call'd Chevy-Chace.",?-?,"{""value"": ""?-?"", ""certainty"": ""approx""}",,,British Library - Bagford,2: 100,{},[],[],[],"{""Tune-Total"": ""1"", ""Tune-1"": ""NONE"", ""Tune_Simpson-1"": ""Chevy Chase""}",88,https://ebba.english.ucsb.edu/ballad/37449/citation,https://ebba.english.ucsb.edu/ballad/37449/ebba-xml-37449,fadc52668ddf53d6546bd36fe823e588a5d8992ccc3d773806a91a2755e19dd6,"[""67""]",518,[],"[""no_archive_keywords""]"
37520,"A Pill against Popery. / Or, A True Touch of these Troublesome times. / Plainly shewing, the wicked practices of Plotters and Contrivers, against Religion, and / Laws, the deadness of Trade, and the debauchery of the times. / To mend all this let each one in the Nation, / Begin within himself a Reformation.",?-?,"{""value"": ""?-?"", ""certainty"": ""approx""}",,,British Library - Bagford,2: 163,{},[],[],[],"{""Tune-Total"": ""2"", ""Tune-1"": ""Aim not too High"", ""Tune_Simpson-1"": ""Fortune my Foe"", ""Tune_Modern-1"": ""Aim Not Too High"", ""Tune-2"": ""to the same tune"", ""Tune_Simpson-2"": ""Fortune my Foe"", ""Tune_Modern-2"": ""To the Same Tune""}",89,https://ebba.english.ucsb.edu/ballad/37520/citation,https://ebba.english.ucsb.edu/ballad/37520/ebba-xml-37520,72fc0b8572c9de5c7b7a845b15208098426116dfc1d8c659977253fa18b42162,"[""42""]",740,[],"[""no_archive_keywords""]"
37527,"The Virgin's A, B, C. / OR, / An ALPHABET of Vertuous Admonitions for a Chast, / Modest, and Well-govern'd Maid.",?-?,"{""value"": ""?-?"", ""certainty"": ""approx""}",,,British Library - Bagford,2: 169,{},[],[],[],"{""Tune-Total"": ""1"", ""Tune-1"": ""The Young Man's A, B, C, &c."", ""Tune_Simpson-1"": ""Fortune my Foe"", ""Tune_Modern-1"": ""The Young Man's A, B, C, etc.""}",192,https://ebba.english.ucsb.edu/ballad/37527/citation,https://ebba.english.ucsb.edu/ballad/37527/ebba-xml-37527,52e46c66d437520e268488de5d69b24c17fcb1bb99cb72922c2d33430e55908d,"[""42""]",765,[],"[""no_archive_keywords""]"
37528,"THE / Young Man's A, B, C: / OR, / Two Dozen of Verses which a Young Man sent his Love, who / proved u[n]kind.",?-?,"{""value"": ""?-?"", ""certainty"": ""approx""}",,,British Library - Bagford,2: 170,{},[],[],[],"{""Tune-Total"": ""1"", ""Tune-1"": ""The Virgin's A, B, C, &c."", ""Tune_Simpson-1"": ""Fortune my Foe"", ""Tune_Modern-1"": ""The Virgin's A, B, C, etc.""}",192,https://ebba.english.ucsb.edu/ballad/37528/citation,https://ebba.english.ucsb.edu/ballad/37528/ebba-xml-37528,6e1935082cf64939f9ac2452819ee847859a113eaf83158c74d9deb5ad2ae9e7,"[""42""]",808,[],"[""no_archive_keywords""]"
37530,An ODE for the NEW YEAR.,?-?,"{""value"": ""?-?"", ""certainty"": ""approx""}",,,British Library - Bagford,2: 172,{},[],[],[],"{""Tune-Total"": ""1"", ""Tune-1"": ""NONE"", ""Tune_Simpson-1"": ""Chevy Chase""}",56,https://ebba.english.ucsb.edu/ballad/37530/citation,https://ebba.english.ucsb.edu/ballad/37530/ebba-xml-37530,3152d5e1cdbc1ae143227ca981e83d1487ada1abccea8991f5afa9b3e418bf07,"[""67""]",331,[],"[""no_archive_keywords""]"
37540,"The BALLAD of the CLOAK: / Or, The Cloaks Knavery.",?-?,"{""value"": ""?-?"", ""certainty"": ""approx""}",,,British Library - Bagford,3: 8,{},[],[],[],"{""Tune-Total"": ""1"", ""Tune-1"": ""From Hunger and Cold, or Packington's Pound"", ""Tune_Simpson-1"": ""From Hunger and Cold"", ""Tune_Modern-1"": ""From Hunger and Cold, or Packington's Pound""}",103,https://ebba.english.ucsb.edu/ballad/37540/citation,https://ebba.english.ucsb.edu/ballad/37540/ebba-xml-37540,2d613aaa339740281e597d83f2cd684eb6141e8401703dd140b544b4fc234ec8,"[""35""]",679,[],"[""no_archive_keywords""]"
37541,"BUMM-FODER / OR, / VVASTE-PAPER / Proper to wipe the Nation's RUMP with, or your Own.",?-?,"{""value"": ""?-?"", ""certainty"": ""approx""}",,,British Library - Bagford,3: 9,{},[],[],[],"{""Tune-Total"": ""1"", ""Tune-1"": ""NONE"", ""Tune_Simpson-1"": ""Greensleeves""}",84,https://ebba.english.ucsb.edu/ballad/37541/citation,https://ebba.english.ucsb.edu/ballad/37541/ebba-xml-37541,5b0941e7b7072d4566fc0aaa09ddafeec7d0fb5a37c66ac95363363e9bd04f4d,"[""32""]",588,[],"[""no_archive_keywords""]"
37557,"THE / HANG-MANS / LAST WILL / AND TESTAMENT: / WITH / His Lagacy to the Nine Worthies, viz. Col. Lambert, Creed, &c.",?-?,"{""value"": ""?-?"", ""certainty"": ""approx""}",,,British Library - Bagford,3: 25,{},[],[],[],"{""Tune-Total"": ""1"", ""Tune-1"": ""NONE"", ""Tune_Simpson-1"": ""Greensleeves""}",84,https://ebba.english.ucsb.edu/ballad/37557/citation,https://ebba.english.ucsb.edu/ballad/37557/ebba-xml-37557,b92876c1eac502ab58406bf88ea402b4fb693f2c80ffee0750a2e26ec9da41a1,"[""32""]",553,[],"[""no_archive_keywords""]"
37576,"A / BALLAD / UPON THE / POPISH PLOT / Written by a Lady of Quality. / Whether you will like my song or like it not, / It is the down=fall of the Popish Plot; / With Characters of Plotters here I sing, / Who would destroy our good and gracious King; / Whom God preserve, and give us cause to hope / His Foes will be rewarded with a Rope.",?-?,"{""value"": ""?-?"", ""certainty"": ""approx""}",,,British Library - Bagford,3: 43,{},[],[],[],"{""Tune-Total"": ""2"", ""Tune-1"": ""of the same Tune"", ""Tune_Simpson-1"": ""Packington's Pound"", ""Tune_Modern-1"": ""Of the Same Tune"", ""Tune-2"": ""Packington's Pound"", ""Tune_Simpson-2"": ""Packington's Pound"", ""Tune_Modern-2"": ""Packington's Pound""}",90,https://ebba.english.ucsb.edu/ballad/37576/citation,https://ebba.english.ucsb.edu/ballad/37576/ebba-xml-37576,940db18f6ff411d51467b4a6a9a8063fed0994372fbc622a959be437d913ae27,"[""35""]",617,[],"[""no_archive_keywords""]"
37592,"Bloody News from CHELMSFORD: / OR, A Proper New / BALLAD, / CONTAINING / A true and perfect Relation of a most barbarous Murder com- / mitted upon the Body of a Country Curate, who died of a great Wound given him in the bottom of his Belly, by / a most Cruel Country-fellow, for being too familiar with his Wife.",?-?,"{""value"": ""?-?"", ""certainty"": ""approx""}",,,British Library - Bagford,3: 60,{},[],[],[],"{""Tune-Total"": ""1"", ""Tune-1"": ""Chevy Chase"", ""Tune_Simpson-1"": ""Chevy Chase"", ""Tune_Modern-1"": ""Chevy Chase""}",205,https://ebba.english.ucsb.edu/ballad/37592/citation,https://ebba.english.ucsb.edu/ballad/37592/ebba-xml-37592,e24baa6f7965672c16008eee42d7e267bf849ca8250a46bfc2d0ad8f2865da2c,"[""67""]",1159,[],"[""no_archive_keywords""]"
37624,"A / BALLAD / On the most Renowned / Shuff of Newberry. / On this Tragical Occasion a Courier was immediately dispatch'd to Her Majesty's Almonder at / Christ church in Oxford, whose Office it was to act at Coroner in that Ancient Burrough; who hav- / ing made all the Expedition so weighty an Affair required, upon his arrival summon'd a very Wise / Jury no doubt, who having examin'd all Witnesses, and maturely weigh'd the most Minute Circum- / stances, found as a Devidand due to the King, that Part of the Custard which remain'd uneaten. / If any one desires to be farther inform'd in this Matter, let them consult the Records of that An- / cient Burrough, or that Living Oracle the Recorder thereof.",?-?,"{""value"": ""?-?"", ""certainty"": ""approx""}",,,British Library - Bagford,3: 91,{},[],[],[],"{""Tune-Total"": ""1"", ""Tune-1"": ""Chevy Chase"", ""Tune_Simpson-1"": ""Chevy Chase"", ""Tune_Modern-1"": ""Chevy Chase""}",45,https://ebba.english.ucsb.edu/ballad/37624/citation,https://ebba.english.ucsb.edu/ballad/37624/ebba-xml-37624,bfc2d7b641e6aa1a1b850298704a56be921a73d514c914a97f70a8152bb9edc8,"[""67""]",217,[],"[""no_archive_keywords""]"
37637,"The Philosophical WIFE, / OR, / Undeniable Demonstrations / Proving / A WIFE to be the best Philosopher.",?-?,"{""value"": ""?-?"", ""certainty"": ""approx""}",,,British Library - Bagford,3: 102,{},[],[],[],"{""Tune-Total"": ""1"", ""Tune-1"": ""NONE"", ""Tune_Simpson-1"": ""Greensleeves""}",90,https://ebba.english.ucsb.edu/ballad/37637/citation,https://ebba.english.ucsb.edu/ballad/37637/ebba-xml-37637,1f4ef29ca21c700da6e570ab2dd75a01a2432775bdf457a4f05b753374c593f1,"[""32""]",614,[],"[""no_archive_keywords""]"
38002,"A / BALLAD. / The Third Part, To the same Tune. / Written by a Lady of Quality. / The Plot is vanish'd like to a bashfull Sprite, / Which with false flashes, Fools could only fright. / The wise, (whose clearer Souls can penetrate,) / Find's shadows drawn before Intrigues of State. / God bless our King, the Church, and Nation too, / Whil'st perjur'd Villains have what is their due.",1679-1679,"{""value"": ""1679-1679"", ""certainty"": ""approx""}",,,,:,{},[],[],[],"{""Tune-Total"": ""1"", ""Tune-1"": ""Packington's Pound"", ""Tune_Simpson-1"": ""Packington's Pound"", ""Tune_Modern-1"": ""Packington's Pound""}",110,https://ebba.english.ucsb.edu/ballad/38002/citation,https://ebba.english.ucsb.edu/ballad/38002/ebba-xml-38002,517bb476d7905e1bfa80c29560f2b3aba37a5128e989046ebbfe143b54d062c9,"[""35""]",741,[],"[""no_archive_keywords""]"
