tune_id,tune,n_records,n_topics,entropy_nats,effective_topics,bootstrap_low,bootstrap_high,threshold,total_records,similarity_difference
32,Greensleeves,10,21,2.824802930702337,16.857622538889608,8.96349361579843,16.718644342587893,0.9,42,0.08763981835497682
42,Fortune my Foe,10,16,2.4239872319578493,11.290788676905702,6.544674065691493,13.46494840290004,0.9,42,0.08763981835497682
67,Chevy Chase,10,21,2.8173993648136766,16.73327688828252,8.382582220718914,18.63762888725906,0.9,42,0.08763981835497682
35,Packington's Pound,3,6,1.5889944768051938,4.898820573240605,2.0,5.697154387860813,0.9,42,0.08763981835497682
18,Come Live with Me and Be My Love,7,24,2.9715373381913466,19.521908313943133,8.160481851888912,19.89895632897191,0.9,42,0.08763981835497682
168,"Children in the Wood, The; Now Ponder Well",2,11,2.3210464138321436,10.186327845451963,5.000000000000001,10.186327845451963,0.9,42,0.08763981835497682
32,Greensleeves,10,21,2.824802930702337,16.857622538889608,8.96349361579843,16.718644342587893,0.95,47,0.12051884057086
42,Fortune my Foe,10,16,2.4239872319578493,11.290788676905702,6.544674065691493,13.46494840290004,0.95,47,0.12051884057086
67,Chevy Chase,11,21,2.8468016128180906,17.232577150771753,10.180139771313303,18.29232438993872,0.95,47,0.12051884057086
35,Packington's Pound,3,6,1.5889944768051938,4.898820573240605,2.0,5.697154387860813,0.95,47,0.12051884057086
18,Come Live with Me and Be My Love,11,25,3.04107654332373,20.927760753495782,13.99091307604791,21.57959873604091,0.95,47,0.12051884057086
168,"Children in the Wood, The; Now Ponder Well",2,11,2.3210464138321436,10.186327845451963,5.000000000000001,10.186327845451963,0.95,47,0.12051884057086
